u,v,line_ids,modes,directions,route_names,distance_m
1000002,1000048,district,tube,inbound;outbound,branch_10;branch_6,1290.600047168871
1000002,1000063,district;piccadilly,tube,inbound;outbound,branch_1;branch_10;branch_5;branch_6,958.1193977664493
1000002,1000208,piccadilly,tube,inbound;outbound,branch_2;branch_9,1881.1114023639425
1000002,1000240,piccadilly,tube,inbound;outbound,branch_0;branch_8,1996.55808094081
1000003,1000138,circle;metropolitan,tube,inbound;outbound,branch_0;branch_1;branch_14;branch_3,634.0972906914118
1000003,1000238,circle,tube,inbound;outbound,branch_1;branch_3,476.74359221461674
1000004,1000138,hammersmith-city,tube,inbound;outbound,branch_0;branch_1,821.0148542090635
1000004,1000238,district,tube,inbound;outbound,branch_1;branch_12,662.3812771573085
1000004,1000268,district;hammersmith-city,tube,inbound;outbound,branch_0;branch_1;branch_12,971.6738734721063
1000005,1000176,piccadilly,tube,inbound;outbound,branch_1;branch_5,1835.2597928771552
1000005,1000228,piccadilly,tube,inbound;outbound,branch_1;branch_5,1593.1257712912675
1000006,1000042,metropolitan,tube,inbound;outbound,branch_6;branch_8,3318.7051004745713
1000007,1000129,northern,tube,inbound;outbound,branch_13;branch_6,1239.6831734528178
1000007,1000169,northern,tube,inbound;outbound,branch_13;branch_6,1433.5174998430455
1000008,1000109,northern,tube,inbound;outbound,branch_17;branch_9,1559.8567705051798
1000008,1000239,northern,tube,inbound;outbound,branch_17;branch_9,985.7155032750215
1000009,1000028,piccadilly,tube,inbound;outbound,branch_0;branch_8,1209.1220617720685
1000009,1000210,piccadilly,tube,inbound;outbound,branch_0;branch_8,1813.2371627623668
1000010,1000083,piccadilly,tube,inbound;outbound,branch_0;branch_8,635.374461400254
1000010,1000114,piccadilly,tube,inbound;outbound,branch_0;branch_8,775.3395910659285
1000011,1000025,jubilee,tube,inbound;outbound,branch_0;branch_1,1102.1026641966557
1000011,1000072,circle;hammersmith-city,tube,inbound;outbound,branch_0;branch_1;branch_3,807.7294698459413
1000011,1000082,metropolitan,tube,inbound;outbound,branch_0;branch_14,3102.2069037210686
1000011,1000091,circle;hammersmith-city;metropolitan,tube,inbound;outbound,branch_0;branch_1;branch_14;branch_3,903.8953527152437
1000011,1000145,bakerloo,tube,inbound;outbound,branch_0;branch_1,425.7520293709511
1000011,1000191,bakerloo,tube,inbound;outbound,branch_0;branch_1,740.659127030398
1000011,1000222,jubilee,tube,inbound;outbound,branch_0;branch_1,1751.237991950488
1000012,1000052,northern,tube,inbound;outbound,branch_11;branch_8,1108.1956459781861
1000012,1000233,northern,tube,inbound;outbound,branch_11;branch_8,971.949076135127
1000013,1000138,central,tube,inbound;outbound,branch_13;branch_6,657.21609691324
1000013,1000139,northern,tube,inbound;outbound,branch_13;branch_6,781.4228400847015
1000013,1000149,northern,tube,inbound;outbound,branch_13;branch_6,626.7856168269835
1000013,1000202,dlr,dlr,inbound;outbound,branch_15;branch_9,2195.514480773149
1000013,1000225,central,tube,inbound;outbound,branch_13;branch_6,711.9750328466827
1000013,1000254,waterloo-city,tube,inbound;outbound,branch_0;branch_1,2124.015162613501
1000014,1000080,circle;hammersmith-city;metropolitan,tube,inbound;outbound,branch_0;branch_1;branch_14;branch_3,448.214118148778
1000014,1000149,circle;hammersmith-city;metropolitan,tube,inbound;outbound,branch_0;branch_1;branch_14;branch_3,708.5520194110197
1000015,1000068,district;hammersmith-city,tube,inbound;outbound,branch_0;branch_1;branch_12,2070.0836366548338
1000015,1000244,district,tube,inbound;outbound,branch_1;branch_12,1425.8240313154163
1000015,1001341,suffragette,overground,inbound;outbound,branch_0;branch_1,2767.48988689553
1000015,1002272,suffragette,overground,inbound;outbound,branch_0;branch_1,3285.821562549549
1000016,1000079,central,tube,inbound;outbound,branch_1;branch_12,1113.816653878628
1000016,1000154,central,tube,inbound;outbound,branch_1;branch_12,1119.1216811150891
1000017,1000064,piccadilly,tube,inbound;outbound,branch_0;branch_8,1397.2500396099547
1000017,1000096,district;piccadilly,tube,inbound;outbound,branch_0;branch_13;branch_3;branch_8,746.0743447378679
1000017,1000265,district,tube,inbound;outbound,branch_13;branch_3,470.2829958517686
1000018,1000167,circle;district,tube,inbound;outbound,branch_0;branch_1;branch_11;branch_3,676.748399727194
1000018,1000174,circle;district,tube,inbound;outbound,branch_0;branch_1;branch_11;branch_3,974.1804909224369
1000019,1000059,district,tube,inbound;outbound,branch_1;branch_12,1427.6202030010875
1000019,1000244,district,tube,inbound;outbound,branch_1;branch_12,1786.6420226757107
1000020,1000043,northern,tube,inbound;outbound,branch_0;branch_16,1042.0802211301311
1000020,1000098,northern,tube,inbound;outbound,branch_0;branch_16,1130.4277293763862
1000021,1000037,jubilee,tube,inbound;outbound,branch_0;branch_1,998.8681889120531
1000021,1000139,jubilee,tube,inbound;outbound,branch_0;branch_1,1882.8187286383857
1000022,1000138,central,tube,inbound;outbound,branch_13;branch_6,2198.243187139237
1000022,1000146,central,tube,inbound;outbound,branch_13;branch_6,1535.71707895097
1000023,1000143,circle;district,tube,inbound;outbound,branch_1;branch_12;branch_3,675.714772821156
1000023,1000231,circle;district,tube,inbound;outbound,branch_1;branch_12;branch_3,736.6053091759469
1000024,1000236,victoria,tube,inbound;outbound,branch_0;branch_1,1331.5611735213495
1000024,1000249,victoria,tube,inbound;outbound,branch_0;branch_1,1537.0464949119848
1000024,1001264,suffragette,overground,inbound;outbound,branch_0;branch_1,2264.1776052934865
1000024,1001308,suffragette,overground,inbound;outbound,branch_0;branch_1,1337.5753506955764
1000025,1000093,jubilee,tube,inbound;outbound,branch_0;branch_1,929.4172395745555
1000025,1000144,central,tube,inbound;outbound,branch_13;branch_6,678.7219421110078
1000025,1000173,central,tube,inbound;outbound,branch_13;branch_6,538.2284679530625
1000025,1000235,elizabeth,elizabeth-line,inbound;outbound,branch_2;branch_22,1342.0697078607757
1000025,1001221,elizabeth,elizabeth-line,inbound;outbound,branch_2;branch_22,1918.17697113348
1000026,1000073,northern,tube,inbound;outbound,branch_13;branch_6,876.1226490187724
1000026,1000139,northern,tube,inbound;outbound,branch_13;branch_6,609.5032214414363
1000027,1000159,piccadilly,tube,inbound;outbound,branch_2;branch_9,813.8559644307232
1000027,1000171,piccadilly,tube,inbound;outbound,branch_2;branch_9,2479.73494626076
1000028,1000275,piccadilly,tube,inbound;outbound,branch_0;branch_8,1457.2667405982033
1000029,1000032,district;hammersmith-city,tube,inbound;outbound,branch_0;branch_1;branch_12,975.127962273313
1000029,1000146,district;hammersmith-city,tube,inbound;outbound,branch_0;branch_1;branch_12,624.2902770553619
1000030,1000087,northern,tube,inbound;outbound,branch_0;branch_16,1435.5962751269437
1000030,1000106,northern,tube,inbound;outbound,branch_0;branch_16,1156.2599184342414
1000031,1000223,victoria,tube,inbound;outbound,branch_0;branch_1,1194.9055330061617
1000032,1000262,district;hammersmith-city,tube,inbound;outbound,branch_0;branch_1;branch_12,1191.7058880217933
1000033,1000140,central,tube,inbound;outbound,branch_10;branch_2,1757.5754316243097
1000033,1000274,central,tube,inbound;outbound,branch_10;branch_2,2352.623889544674
1000034,1000054,northern,tube,inbound;outbound,branch_0;branch_16,1273.6777083533616
1000034,1000070,northern,tube,inbound;outbound,branch_0;branch_16,1435.4244071122348
1000035,1000114,piccadilly,tube,inbound;outbound,branch_0;branch_8,593.5118953069791
1000035,1000129,piccadilly,tube,inbound;outbound,branch_0;branch_8,2013.07058785034
1000036,1000043,northern,tube,inbound;outbound,branch_0;branch_16,913.5299341731311
1000036,1000077,northern,tube,inbound;outbound,branch_15;branch_4,1410.4224385987818
1000036,1000123,northern,tube,inbound;outbound,branch_17;branch_9,1233.9022119258327
1000036,1000152,northern,tube,inbound;outbound,branch_14;branch_3,588.1463661044131
1000037,1000038,jubilee,tube,inbound;outbound,branch_0;branch_1,2271.036644571075
1000037,1000195,windrush,overground,inbound;outbound,branch_7;branch_8,358.5814371405378
1000037,1000229,windrush,overground,inbound;outbound,branch_7;branch_8,552.2475022782883
1000038,1000160,jubilee,tube,inbound;outbound,branch_0;branch_1,1576.4466145544397
1000039,1000160,jubilee,tube,inbound;outbound,branch_0;branch_1,1556.7519802132615
1000039,1000262,jubilee,tube,inbound;outbound,branch_0;branch_1,1570.936174134749
1000039,1002033,dlr,dlr,inbound;outbound,branch_19;branch_8,895.165667144949
1000039,1002071,dlr,dlr,inbound;outbound,branch_1;branch_21,893.0037825137324
1000039,1002098,dlr,dlr,inbound;outbound,branch_0;branch_20,1597.7167802593947
1000039,1003005,dlr,dlr,inbound;outbound,branch_17;branch_7,797.7302482676604
1000040,1000143,circle;district,tube,inbound;outbound,branch_1;branch_12;branch_3,256.17307825193086
1000040,1000148,circle;district,tube,inbound;outbound,branch_1;branch_12;branch_3,307.64124691337435
1000041,1000185,jubilee,tube,inbound;outbound,branch_0;branch_1,1613.0432262529941
1000041,1000219,jubilee,tube,inbound;outbound,branch_0;branch_1,1472.021408990611
1000042,1000046,metropolitan,tube,inbound;outbound,branch_10;branch_5,5417.989481540171
1000042,1000049,metropolitan,tube,inbound;outbound,branch_15;branch_4,3294.5805423312854
1000044,1000112,central,tube,inbound;outbound,branch_13;branch_6,621.0790877696058
1000044,1000225,central,tube,inbound;outbound,branch_13;branch_6,1036.534012436656
1000045,1000075,bakerloo;northern,tube,inbound;outbound,branch_0;branch_1;branch_12;branch_5,281.66144403477125
1000045,1000135,northern,tube,inbound;outbound,branch_12;branch_5,399.42943995483444
1000045,1000179,bakerloo,tube,inbound;outbound,branch_0;branch_1,586.2690517315533
1000047,1000090,central,tube,inbound;outbound,branch_0;branch_9,1282.62508335395
1000047,1000194,central,tube,inbound;outbound,branch_0;branch_9,2174.3816849993327
1000048,1000240,district,tube,inbound;outbound,branch_10;branch_6,923.8867920052929
1000049,1000193,metropolitan,tube,inbound;outbound,branch_15;branch_4,3468.8303212901915
1000050,1000051,northern,tube,inbound;outbound,branch_11;branch_8,695.5236616031403
1000050,1000052,northern,tube,inbound;outbound,branch_11;branch_8,1193.6086115800474
1000051,1000223,northern,tube,inbound;outbound,branch_11;branch_8,934.9850577825778
1000053,1000168,piccadilly,tube,inbound;outbound,branch_0;branch_8,1267.796967313438
1000054,1000106,northern,tube,inbound;outbound,branch_0;branch_16,2112.113720716831
1000055,1000216,northern,tube,inbound;outbound,branch_11;branch_8,1024.3225212384384
1000055,1000234,northern,tube,inbound;outbound,branch_11;branch_8,1258.0429780463994
1000056,1000112,piccadilly,tube,inbound;outbound,branch_0;branch_8,569.2732642405127
1000056,1000135,piccadilly,tube,inbound;outbound,branch_0;branch_8,333.47690489911633
1000057,1000150,metropolitan,tube,inbound;outbound,branch_3;branch_7,2020.8104560432835
1000057,1000255,metropolitan,tube,inbound;outbound,branch_3;branch_7,2046.3814697397281
1000058,1000059,district,tube,inbound;outbound,branch_1;branch_12,1308.5385695069929
1000058,1000074,district,tube,inbound;outbound,branch_1;branch_12,2355.9599166264907
1000060,1000140,central,tube,inbound;outbound,branch_10;branch_2,2007.6799879593257
1000060,1000232,central,tube,inbound;outbound,branch_10;branch_2,3223.6467179281267
1000061,1000153,jubilee,tube,inbound;outbound,branch_0;branch_1,781.0471527527734
1000061,1000270,jubilee,tube,inbound;outbound,branch_0;branch_1,1262.3048855355305
1000062,1000063,district,tube,inbound;outbound,branch_10;branch_6,1066.75253952276
1000062,1000258,central,tube,inbound;outbound,branch_3;branch_7,1466.9444420596221
1000062,1001003,elizabeth,elizabeth-line,inbound;outbound,branch_10;branch_23,2428.701535832694
1000062,1001327,elizabeth,elizabeth-line,inbound;outbound,branch_10;branch_23,1298.5140749724076
1000063,1000158,piccadilly,tube,inbound;outbound,branch_1;branch_5,819.3656067258697
1000064,1000086,district;piccadilly,tube,inbound;outbound,branch_0;branch_1;branch_12;branch_8,796.9856688193556
1000064,1000110,district,tube,inbound;outbound,branch_0;branch_11,1010.6875812324115
1000064,1000170,district,tube,inbound;outbound,branch_2;branch_7,1322.2420259647736
1000064,1000260,district,tube,inbound;outbound,branch_4;branch_9,552.6455943361714
1000064,1000265,district,tube,inbound;outbound,branch_13;branch_3,929.8004433443633
1000065,1000157,central,tube,inbound;outbound,branch_13;branch_6,1157.2524950017348
1000065,1000269,central,tube,inbound;outbound,branch_13;branch_6,1672.5701428142193
1000066,1000189,metropolitan;piccadilly,tube,inbound;outbound,branch_1;branch_2;branch_5;branch_9,1826.9086494696774
1000066,1000199,metropolitan;piccadilly,tube,inbound;outbound,branch_1;branch_2;branch_5;branch_9,1142.5279248404129
1000067,1000081,northern,tube,inbound;outbound,branch_17;branch_9,2460.4650633436904
1000067,1000109,northern,tube,inbound;outbound,branch_17;branch_9,1679.851755065361
1000068,1000245,district;hammersmith-city,tube,inbound;outbound,branch_0;branch_1;branch_12,1178.8060116215524
1000069,1000184,district,tube,inbound;outbound,branch_4;branch_9,1013.4523258147158
1000069,1000209,district,tube,inbound;outbound,branch_4;branch_9,1603.6802113542522
1000071,1000145,bakerloo,tube,inbound;outbound,branch_0;branch_1,533.7364955896979
1000071,1000174,bakerloo,tube,inbound;outbound,branch_0;branch_1,568.3215352852715
1000072,1000174,circle;district,tube,inbound;outbound,branch_0;branch_1;branch_11;branch_3,661.8774042957233
1000072,1000175,circle;hammersmith-city,tube,inbound;outbound,branch_0;branch_1;branch_2,737.4041417119382
1000073,1000121,northern,tube,inbound;outbound,branch_13;branch_6,798.674666374302
1000073,1000132,bakerloo,tube,inbound;outbound,branch_0;branch_1,931.3620462277779
1000074,1000115,district,tube,inbound;outbound,branch_1;branch_12,1493.4727743877918
1000075,1000231,circle;district,tube,inbound;outbound,branch_1;branch_12;branch_3,728.6367562277977
1000075,1000254,bakerloo;northern,tube,inbound;outbound,branch_0;branch_1;branch_12;branch_5,687.2472629400451
1000075,1000266,circle;district,tube,inbound;outbound,branch_1;branch_12;branch_3,668.0568563235909
1000076,1000232,central,tube,inbound;outbound,branch_10;branch_2,2548.119466559917
1000077,1000129,northern;victoria,tube,inbound;outbound,branch_0;branch_1;branch_13;branch_6,667.2806481653877
1000077,1000152,northern,tube,inbound;outbound,branch_14;branch_3,823.4925172798801
1000077,1000252,northern;victoria,tube,inbound;outbound,branch_0;branch_1;branch_12;branch_5,551.0280993721882
1000077,1001260,lioness,overground,inbound;outbound,branch_0;branch_1,3529.893458758966
1000078,1000091,circle;hammersmith-city;metropolitan,tube,inbound;outbound,branch_0;branch_1;branch_14;branch_3,614.6132182974528
1000078,1000129,circle;hammersmith-city;metropolitan,tube,inbound;outbound,branch_0;branch_1;branch_14;branch_3,1012.9493701628326
1000079,1000095,central,tube,inbound;outbound,branch_1;branch_12,912.3831530725394
1000080,1000129,circle;hammersmith-city;metropolitan,tube,inbound;outbound,branch_0;branch_1;branch_14;branch_3,1784.960134060691
1000080,1000138,elizabeth,elizabeth-line,inbound;outbound,branch_2;branch_22,1510.9290866699275
1000080,1000235,elizabeth,elizabeth-line,inbound;outbound,branch_2;branch_22,1851.2019926925839
1000081,1000147,northern,tube,inbound;outbound,branch_19;branch_2,1455.1312733145112
1000081,1000261,northern,tube,inbound;outbound,branch_1;branch_18,973.9587634757618
1000082,1000230,jubilee,tube,inbound;outbound,branch_0;branch_1,497.11794429908446
1000082,1000257,metropolitan,tube,inbound;outbound,branch_0;branch_14,7133.345550288535
1000082,1000263,jubilee,tube,inbound;outbound,branch_0;branch_1,777.8875070582567
1000083,1000108,victoria,tube,inbound;outbound,branch_0;branch_1,2022.9929824695944
1000083,1000142,piccadilly,tube,inbound;outbound,branch_0;branch_8,1039.6056675014124
1000083,1000201,victoria,tube,inbound;outbound,branch_0;branch_1,3056.394957840975
1000084,1000177,district,tube,inbound;outbound,branch_4;branch_9,662.691475262731
1000084,1000260,district,tube,inbound;outbound,branch_4;branch_9,789.9980346773008
1000085,1000154,central,tube,inbound;outbound,branch_1;branch_12,1657.8022171094408
1000085,1000190,central,tube,inbound;outbound,branch_1;branch_12,1447.0606275562611
1000086,1000110,circle,tube,inbound;outbound,branch_1;branch_3,1026.9694517158323
1000086,1000212,circle;district;piccadilly,tube,inbound;outbound,branch_0;branch_1;branch_12;branch_3;branch_8,600.1916913972875
1000087,1000098,northern,tube,inbound;outbound,branch_0;branch_16,2100.5098283226394
1000088,1000097,circle;hammersmith-city,tube,inbound;outbound,branch_0;branch_1;branch_2,966.7721096099148
1000088,1000204,circle;hammersmith-city,tube,inbound;outbound,branch_0;branch_1;branch_2,402.4320611870174
1000089,1000235,northern,tube,inbound;outbound,branch_12;branch_5,575.1343004532753
1000089,1000252,northern,tube,inbound;outbound,branch_12;branch_5,545.6358148136756
1000090,1000095,central,tube,inbound;outbound,branch_0;branch_9,1085.6527368283246
1000092,1000162,central,tube,inbound;outbound,branch_4;branch_8,1691.652174945966
1000092,1000178,central,tube,inbound;outbound,branch_4;branch_8,1688.2674338693316
1000093,1000119,piccadilly,tube,inbound;outbound,branch_0;branch_8,784.6771130935709
1000093,1000173,victoria,tube,inbound;outbound,branch_0;branch_1,935.2363476887816
1000093,1000179,piccadilly,tube,inbound;outbound,branch_0;branch_8,690.1850842959502
1000093,1000248,victoria,tube,inbound;outbound,branch_0;branch_1,1173.4203830606627
1000093,1000266,jubilee,tube,inbound;outbound,branch_0;branch_1,1397.093219937879
1000094,1000125,district;mildmay,overground;tube,inbound;outbound,branch_0;branch_4;branch_5;branch_8,1772.4857971901858
1000094,1000240,district,tube,inbound;outbound,branch_5;branch_8,1484.7755105301187
1000094,1001254,mildmay,overground,inbound;outbound,branch_0;branch_4,952.2202594477583
1000096,1000188,district,tube,inbound;outbound,branch_13;branch_3,879.5855754297381
1000096,1000240,piccadilly,tube,inbound;outbound,branch_0;branch_8,2168.858030089052
1000099,1000157,central,tube,inbound;outbound,branch_4;branch_8,2393.1959910464884
1000099,1000178,central,tube,inbound;outbound,branch_4;branch_8,2267.4001275659543
1000100,1000224,bakerloo;lioness,overground;tube,inbound;outbound,branch_0;branch_1,1519.2751823701203
1000100,1000271,bakerloo;lioness,overground;tube,inbound;outbound,branch_0;branch_1,1019.4616929204245
1000101,1000124,bakerloo;lioness,overground;tube,inbound;outbound,branch_0;branch_1,1706.3092717679049
1000101,1001146,lioness,overground,inbound;outbound,branch_0;branch_1,1929.2679129359688
1000102,1000161,metropolitan,tube,inbound;outbound,branch_1;branch_13,1850.0537485125471
1000102,1000164,metropolitan,tube,inbound;outbound,branch_0;branch_11,1326.5980050950284
1000102,1000264,metropolitan,tube,inbound;outbound,branch_2;branch_9,1116.2191746836857
1000103,1000104,piccadilly,tube,inbound,branch_3,1817.56065005426
1000103,1000105,piccadilly,tube,inbound;outbound,branch_4;branch_9,2091.3263938856308
1000103,1000118,piccadilly,tube,inbound;outbound,branch_2;branch_9,2657.768441713837
1000104,1000105,piccadilly,tube,outbound,branch_6,1477.7482822248235
1000104,1001147,elizabeth,elizabeth-line,inbound;outbound,branch_0;branch_20,1637.0897929571918
1000105,1016430,piccadilly,tube,inbound;outbound,branch_4;branch_7,2649.9329265456404
1000107,1000237,northern,tube,inbound;outbound,branch_1;branch_18,2453.892527351956
1000108,1000129,victoria,tube,inbound;outbound,branch_0;branch_1,2222.0519806118973
1000108,1001043,mildmay,overground,inbound;outbound,branch_2;branch_3,967.0484652903629
1000108,1001048,mildmay;windrush,overground,inbound;outbound,branch_2;branch_3;branch_7;branch_8,837.9677427954205
1000110,1000167,circle;district,tube,inbound;outbound,branch_0;branch_1;branch_11;branch_3,932.8527022345088
1000111,1000120,metropolitan;piccadilly,tube,inbound;outbound,branch_1;branch_2;branch_5;branch_9,1034.9593631574373
1000111,1000246,metropolitan;piccadilly,tube,inbound;outbound,branch_1;branch_2;branch_5;branch_9,2134.3112011879443
1000112,1000200,piccadilly,tube,inbound;outbound,branch_0;branch_8,672.3360702347314
1000112,1000235,central,tube,inbound;outbound,branch_13;branch_6,705.9724508613333
1000113,1000167,central,tube,inbound;outbound,branch_13;branch_6,687.7373513748745
1000113,1000203,central,tube,inbound;outbound,branch_13;branch_6,937.1775248258373
1000115,1000243,district,tube,inbound;outbound,branch_1;branch_12,1262.2979297641116
1000116,1000117,piccadilly,tube,inbound;outbound,branch_2;branch_9,735.8275249221896
1000116,1000118,piccadilly,tube,inbound;outbound,branch_2;branch_9,1391.6476081455019
1000117,1000171,piccadilly,tube,inbound;outbound,branch_2;branch_9,942.1482587123957
1000119,1000130,piccadilly,tube,inbound;outbound,branch_0;branch_8,608.3775763136747
1000120,1000197,metropolitan;piccadilly,tube,inbound;outbound,branch_1;branch_2;branch_5;branch_9,1768.1513235910704
1000121,1000172,northern,tube,inbound;outbound,branch_11;branch_8,846.6728068871663
1000121,1000254,northern,tube,inbound;outbound,branch_12;branch_5,1776.1198061383438
1000121,1002196,northern,tube,inbound;outbound,branch_10;branch_7,1825.4821747766043
1000122,1000186,bakerloo;lioness,overground;tube,inbound;outbound,branch_0;branch_1,1462.884799373103
1000122,1000271,bakerloo;lioness,overground;tube,inbound;outbound,branch_0;branch_1,1364.4532431032387
1000123,1000239,northern,tube,inbound;outbound,branch_17;branch_9,741.8990495729362
1000124,1000213,bakerloo;lioness,overground;tube,inbound;outbound,branch_0;branch_1,1413.2016092335373
1000125,1000192,district;mildmay,overground;tube,inbound;outbound,branch_0;branch_4;branch_5;branch_8,1914.5655742726472
1000126,1000263,jubilee,tube,inbound;outbound,branch_0;branch_1,915.0903680646767
1000126,1000270,jubilee,tube,inbound;outbound,branch_0;branch_1,1212.7251212748454
1000127,1000141,bakerloo,tube,inbound;outbound,branch_0;branch_1,816.9643244755011
1000127,1000186,bakerloo,tube,inbound;outbound,branch_0;branch_1,743.3455641876478
1000128,1000185,jubilee,tube,inbound;outbound,branch_0;branch_1,1152.970827357235
1000128,1000257,jubilee,tube,inbound;outbound,branch_0;branch_1,2414.0310670518556
1000129,1000200,piccadilly,tube,inbound;outbound,branch_0;branch_8,851.5064315766402
1000130,1000212,piccadilly,tube,inbound;outbound,branch_0;branch_8,1225.0118057463635
1000131,1000134,circle;hammersmith-city,tube,inbound;outbound,branch_0;branch_1;branch_2,682.6404153503553
1000131,1000259,circle;hammersmith-city,tube,inbound;outbound,branch_0;branch_1;branch_2,764.0417164084377
1000132,1000254,bakerloo,tube,inbound;outbound,branch_0;branch_1,527.7384052182971
1000133,1000144,central,tube,inbound;outbound,branch_13;branch_6,1157.9568849987409
1000133,1000187,central,tube,inbound;outbound,branch_13;branch_6,824.2011833766328
1000134,1000278,circle;hammersmith-city,tube,inbound;outbound,branch_0;branch_1;branch_2,627.1188237985723
1000135,1000179,piccadilly,tube,inbound;outbound,branch_0;branch_8,437.5877933883167
1000135,1000235,northern,tube,inbound;outbound,branch_12;branch_5,538.1594624192352
1000136,1000137,central,tube,inbound;outbound,branch_13;branch_6,1613.429901992812
1000136,1000226,central,tube,inbound;outbound,branch_13;branch_6,1647.6607630822714
1000137,1000207,central,tube,inbound;outbound,branch_11;branch_5,1677.609950855728
1000137,1000250,central,tube,inbound;outbound,branch_1;branch_12,1620.5672669012667
1000138,1000149,circle;hammersmith-city;metropolitan,tube,inbound;outbound,branch_0;branch_1;branch_14;branch_3,372.5144015618268
1000138,1000226,elizabeth,elizabeth-line,inbound;outbound,branch_16;branch_4,6150.907669232591
1000138,1000268,elizabeth,elizabeth-line,inbound;outbound,branch_2;branch_22,1631.862677490273
1000138,1001023,weaver,overground,inbound;outbound,branch_5;branch_7,1775.991452612516
1000139,1000156,windrush,overground,inbound;outbound,branch_5;branch_9,4732.200695648846
1000139,1000215,jubilee,tube,inbound;outbound,branch_0;branch_1,1199.5534738622682
1000141,1000253,bakerloo,tube,inbound;outbound,branch_0;branch_1,741.1054265533925
1000142,1000241,piccadilly,tube,inbound;outbound,branch_0;branch_8,2233.651948751286
1000146,1000220,district;hammersmith-city,tube,inbound;outbound,branch_0;branch_1;branch_12,971.4459536447991
1000146,1000226,central,tube,inbound;outbound,branch_13;branch_6,2802.3412855357674
1000148,1000238,circle;district,tube,inbound;outbound,branch_1;branch_12;branch_3,673.2018166195087
1000149,1000169,northern,tube,inbound;outbound,branch_13;branch_6,856.0786765042834
1000150,1000165,metropolitan,tube,inbound;outbound,branch_1;branch_13,2169.9643018472125
1000150,1000193,metropolitan,tube,inbound;outbound,branch_15;branch_4,3082.3808535613894
1000151,1000216,northern,tube,inbound;outbound,branch_11;branch_8,1476.2707344273556
1000153,1000257,jubilee,tube,inbound;outbound,branch_0;branch_1,2285.2135523499546
1000155,1000229,windrush,overground,inbound;outbound,branch_11;branch_2,2147.315589154423
1000156,1000229,windrush,overground,inbound;outbound,branch_10;branch_4,2069.852606984194
1000156,1001035,windrush,overground,inbound;outbound,branch_15;branch_6,1189.2191904176161
1000157,1000258,central,tube,inbound;outbound,branch_3;branch_7,1597.46464830195
1000158,1000176,piccadilly,tube,inbound;outbound,branch_1;branch_5,1113.4619795225462
1000159,1000208,piccadilly,tube,inbound;outbound,branch_2;branch_9,547.1607526139268
1000161,1000181,metropolitan,tube,inbound;outbound,branch_1;branch_13,1565.347926981216
1000162,1000214,central,tube,inbound;outbound,branch_4;branch_8,2311.1416023436777
1000163,1000213,bakerloo;lioness,overground;tube,inbound;outbound,branch_0;branch_1,905.7852175868202
1000163,1000256,bakerloo;lioness,overground;tube,inbound;outbound,branch_0;branch_1,1248.4136511943507
1000164,1000183,metropolitan,tube,inbound;outbound,branch_0;branch_11,1755.4495490867378
1000165,1000166,metropolitan,tube,inbound;outbound,branch_1;branch_13,1530.2738684196088
1000166,1000181,metropolitan,tube,inbound;outbound,branch_1;branch_13,2154.760983800344
1000167,1000187,central,tube,inbound;outbound,branch_13;branch_6,646.3438456062099
1000168,1000210,piccadilly,tube,inbound;outbound,branch_0;branch_8,1734.5787587200946
1000170,1000260,mildmay,overground,inbound;outbound,branch_1;branch_5,1548.8202567870385
1000170,1001348,mildmay,overground,inbound;outbound,branch_1;branch_5,988.2314984002454
1000172,1000223,northern,tube,inbound;outbound,branch_11;branch_8,1290.1562441676715
1000173,1000179,bakerloo,tube,inbound;outbound,branch_0;branch_1,789.0031164307287
1000173,1000191,bakerloo,tube,inbound;outbound,branch_0;branch_1,960.4429724770587
1000173,1000235,central,tube,inbound;outbound,branch_13;branch_6,805.7800824758292
1000173,1000252,victoria,tube,inbound;outbound,branch_0;branch_1,1097.895903223732
1000174,1000253,bakerloo,tube,inbound;outbound,branch_0;branch_1,952.8751732193293
1000175,1000196,circle;hammersmith-city,tube,inbound;outbound,branch_0;branch_1;branch_2,758.1891515492337
1000177,1000184,district,tube,inbound;outbound,branch_4;branch_9,953.136434849021
1000180,1000247,victoria,tube,inbound;outbound,branch_0;branch_1,764.1472308087372
1000180,1000248,victoria,tube,inbound;outbound,branch_0;branch_1,1025.1552301949914
1000182,1000245,district;hammersmith-city,tube,inbound;outbound,branch_0;branch_1;branch_12,1307.8691605957176
1000182,1000262,district;hammersmith-city,tube,inbound;outbound,branch_0;branch_1;branch_12,950.1250701161689
1000183,1000257,metropolitan,tube,inbound;outbound,branch_0;branch_11,1464.6490164085276
1000186,1001170,lioness,overground,inbound;outbound,branch_0;branch_1,937.302293605126
1000188,1000218,district,tube,inbound;outbound,branch_13;branch_3,680.7258953477676
1000189,1000211,piccadilly,tube,inbound;outbound,branch_1;branch_5,1717.9939390457573
1000189,1000264,metropolitan,tube,inbound;outbound,branch_2;branch_9,1338.0570638975992
1000190,1000250,central,tube,inbound;outbound,branch_1;branch_12,1176.3775210903132
1000194,1000274,central,tube,inbound;outbound,branch_0;branch_9,1314.0827460802113
1000195,1000251,windrush,overground,inbound;outbound,branch_7;branch_8,480.0805006915906
1000196,1000259,circle;hammersmith-city,tube,inbound;outbound,branch_0;branch_1;branch_2,879.7187073692885
1000197,1000199,metropolitan;piccadilly,tube,inbound;outbound,branch_1;branch_2;branch_5;branch_9,647.8524955766256
1000198,1000214,central,tube,inbound;outbound,branch_4;branch_8,924.101267910364
1000198,1000267,central,tube,inbound;outbound,branch_4;branch_8,2131.7827621054826
1000201,1000236,victoria,tube,inbound;outbound,branch_0;branch_1,1133.0370256818821
1000201,1001040,weaver,overground,inbound;outbound,branch_13;branch_6,1289.6987742100105
1000201,1001265,weaver,overground,inbound;outbound,branch_3;branch_9,935.4569529706881
1000202,1001180,dlr,dlr,inbound;outbound,branch_12;branch_25,1155.173038655768
1000202,1002076,dlr,dlr,inbound;outbound,branch_10;branch_16,1256.1682396132892
1000203,1000269,central,tube,inbound;outbound,branch_13;branch_6,919.8897006754631
1000204,1000278,circle;hammersmith-city,tube,inbound;outbound,branch_0;branch_1;branch_2,469.97329752183794
1000206,1000212,circle;district,tube,inbound;outbound,branch_1;branch_12;branch_3,1242.6063658105068
1000206,1000248,circle;district,tube,inbound;outbound,branch_1;branch_12;branch_3,1043.593263024785
1000207,1000217,central,tube,inbound;outbound,branch_11;branch_5,1298.7343132260237
1000209,1000273,district,tube,inbound;outbound,branch_4;branch_9,1257.8046147767793
1000211,1000227,piccadilly,tube,inbound;outbound,branch_1;branch_5,1434.3274249098495
1000215,1000254,jubilee,tube,inbound;outbound,branch_0;branch_1,670.6559546354313
1000217,1000274,central,tube,inbound;outbound,branch_11;branch_5,1736.5964153142083
1000218,1000240,district,tube,inbound;outbound,branch_13;branch_3,614.9680216326507
1000220,1000268,district;hammersmith-city,tube,inbound;outbound,branch_0;branch_1;branch_12,947.884359047697
1000221,1000248,circle;district,tube,inbound;outbound,branch_1;branch_12;branch_3,726.5500501339775
1000221,1000266,circle;district,tube,inbound;outbound,branch_1;branch_12;branch_3,642.9928052214505
1000222,1000230,jubilee,tube,inbound;outbound,branch_0;branch_1,1008.7836707884563
1000223,1000247,victoria,tube,inbound;outbound,branch_0;branch_1,1509.968299577627
1000224,1000256,bakerloo;lioness,overground;tube,inbound;outbound,branch_0;branch_1,1713.3207686045478
1000226,1000262,jubilee,tube,inbound;outbound,branch_0;branch_1,1634.5351557382446
1000226,1000268,elizabeth,elizabeth-line,inbound;outbound,branch_15;branch_7,4631.035433172562
1000226,1001129,mildmay,overground,inbound;outbound,branch_2;branch_3,1504.9480788937965
1000226,1001190,elizabeth,elizabeth-line,inbound;outbound,branch_11;branch_12,793.9913493855781
1000226,1002066,dlr,dlr,inbound;outbound,branch_13;branch_5,1066.8583793453586
1000226,1003007,dlr,dlr,inbound;outbound,branch_17;branch_7,444.36409415382894
1000226,1003009,dlr,dlr,inbound;outbound,branch_11;branch_14,578.9421942233106
1000227,1000228,piccadilly,tube,inbound;outbound,branch_1;branch_5,1581.3254786037332
1000229,1001233,windrush,overground,inbound;outbound,branch_12;branch_3,2287.167371513831
1000233,1000234,northern,tube,inbound;outbound,branch_11;branch_8,1071.991631915402
1000237,1000276,northern,tube,inbound;outbound,branch_1;branch_18,1458.3579170889504
1000241,1000275,piccadilly,tube,inbound;outbound,branch_0;branch_8,921.0192630574666
1000242,1000243,district,tube,inbound;outbound,branch_1;branch_12,1045.4864483610088
1000242,1001098,liberty,overground,inbound;outbound,branch_0;branch_1,2393.2322195574066
1000249,1001268,weaver,overground,inbound;outbound,branch_0;branch_10,931.2423355442118
1000249,1001343,weaver,overground,inbound;outbound,branch_0;branch_10,1275.212523240203
1000251,1000329,windrush,overground,inbound;outbound,branch_7;branch_8,770.2753444381872
1000254,1000266,jubilee,tube,inbound;outbound,branch_0;branch_1,735.9414658178003
1000260,1001347,mildmay,overground,inbound;outbound,branch_1;branch_5,1624.7531903080385
1000261,1000276,northern,tube,inbound;outbound,branch_1;branch_18,992.4393088056138
1000262,1003005,dlr,dlr,inbound;outbound,branch_17;branch_7,809.6750405796129
1000262,1003006,dlr,dlr,inbound;outbound,branch_17;branch_7,451.55460205887385
1000268,1000329,windrush,overground,inbound;outbound,branch_7;branch_8,937.4457281643759
1000268,1001571,windrush,overground,inbound;outbound,branch_7;branch_8,1158.213432684518
1000268,1002163,elizabeth,elizabeth-line,inbound;outbound,branch_14;branch_8,3197.919655404728
1000271,1001002,mildmay,overground,inbound;outbound,branch_0;branch_4,2932.951728197468
1000271,1001161,mildmay,overground,inbound;outbound,branch_2;branch_3,1717.3264733931355
1000271,1001348,mildmay,overground,inbound;outbound,branch_1;branch_5,3547.3727124356733
1000272,1000273,district,tube,inbound;outbound,branch_4;branch_9,1562.4921083742106
1000292,1001137,elizabeth,elizabeth-line,inbound;outbound,branch_11;branch_12,5154.835409323565
1000292,1006448,elizabeth,elizabeth-line,inbound;outbound,branch_11;branch_12,2843.4404785902334
1000321,1001038,mildmay,overground,inbound;outbound,branch_2;branch_3,808.2714862572925
1000321,1001109,mildmay,overground,inbound;outbound,branch_2;branch_3,641.6867545849184
1000860,1000951,elizabeth,elizabeth-line,inbound;outbound,branch_19;branch_3,4020.9432078401683
1000860,1000960,elizabeth,elizabeth-line,inbound;outbound,branch_19;branch_3,2428.2524029725655
1000951,1000957,elizabeth,elizabeth-line,inbound;outbound,branch_19;branch_3,3479.343327147272
1000955,1000957,elizabeth,elizabeth-line,inbound;outbound,branch_19;branch_3,2431.9668002954577
1000955,1001325,elizabeth,elizabeth-line,inbound;outbound,branch_19;branch_3,2400.307261127071
1000960,1000964,elizabeth,elizabeth-line,inbound;outbound,branch_19;branch_3,2916.329170851176
1000964,1000969,elizabeth,elizabeth-line,inbound;outbound,branch_19;branch_3,10878.584433157343
1000969,1000972,elizabeth,elizabeth-line,inbound;outbound,branch_19;branch_3,7768.926991484817
1001001,1002162,elizabeth,elizabeth-line,inbound;outbound,branch_14;branch_8,3528.015991679935
1001002,1001254,mildmay,overground,inbound;outbound,branch_0;branch_4,1121.4215527040953
1001003,1001221,elizabeth,elizabeth-line,inbound;outbound,branch_13;branch_17;branch_5;branch_6,6244.203370537204
1001007,1001216,windrush,overground,inbound;outbound,branch_0;branch_13,1804.6455193216311
1001007,1001225,windrush,overground,inbound;outbound,branch_0;branch_13,695.6517475932399
1001023,1001044,weaver,overground,inbound;outbound,branch_5;branch_7,917.9768638314962
1001035,1001154,windrush,overground,inbound;outbound,branch_15;branch_6,1712.5627573397517
1001038,1001039,mildmay,overground,inbound;outbound,branch_2;branch_3,729.6678207645189
1001039,1001161,mildmay,overground,inbound;outbound,branch_2;branch_3,975.6982913669641
1001040,1001335,weaver,overground,inbound;outbound,branch_13;branch_6,1228.3255104598318
1001041,1001049,lioness,overground,inbound;outbound,branch_0;branch_1,1932.9496944157647
1001041,1001316,lioness,overground,inbound;outbound,branch_0;branch_1,895.256565582623
1001042,1001092,weaver,overground,inbound;outbound,branch_12;branch_2,1929.3891194001806
1001042,1001101,weaver,overground,inbound;outbound,branch_12;branch_2,1382.8711771547178
1001043,1001045,mildmay,overground,inbound;outbound,branch_2;branch_3,1542.2914769641097
1001044,1001183,weaver,overground,inbound;outbound,branch_5;branch_7,1014.2082002246992
1001045,1001165,mildmay,overground,inbound;outbound,branch_2;branch_3,766.5976710299396
1001048,1001081,mildmay,overground,inbound;outbound,branch_2;branch_3,1143.7875025342066
1001048,1001568,windrush,overground,inbound;outbound,branch_7;branch_8,1216.4674065157838
1001049,1001142,lioness,overground,inbound;outbound,branch_0;branch_1,2427.354459081411
1001055,1001117,elizabeth,elizabeth-line,inbound;outbound,branch_11;branch_12,1287.851350099566
1001055,1001243,elizabeth,elizabeth-line,inbound;outbound,branch_11;branch_12,3837.9726920832427
1001063,1001150,weaver,overground,inbound;outbound,branch_0;branch_10,2847.503377543659
1001068,1001083,windrush,overground,inbound;outbound,branch_12;branch_3,3003.0016957201647
1001068,1001310,windrush,overground,inbound;outbound,branch_12;branch_3,681.287155485897
1001069,1001310,windrush,overground,inbound;outbound,branch_12;branch_3,2295.5433474501715
1001069,1001347,mildmay,overground,inbound;outbound,branch_1;branch_5,1479.2487775652367
1001070,1001128,weaver,overground,inbound;outbound,branch_0;branch_10,1453.6005828847185
1001070,1001268,weaver,overground,inbound;outbound,branch_0;branch_10,2728.1175461382354
1001077,1001139,suffragette,overground,inbound;outbound,branch_0;branch_1,1471.8920304148269
1001077,1001302,suffragette,overground,inbound;outbound,branch_0;branch_1,1207.716009441773
1001078,1001289,windrush,overground,inbound;outbound,branch_1;branch_14,1640.126122568866
1001079,1002065,dlr,dlr,inbound;outbound,branch_1;branch_21,481.2908202548415
1001079,1002071,dlr,dlr,inbound;outbound,branch_1;branch_21,599.7378123169696
1001079,1002162,elizabeth,elizabeth-line,inbound;outbound,branch_14;branch_8,3581.593841359192
1001079,1002163,elizabeth,elizabeth-line,inbound;outbound,branch_14;branch_8,3212.468448954852
1001081,1001127,mildmay,overground,inbound;outbound,branch_2;branch_3,1367.4275376812645
1001083,1001223,windrush,overground,inbound;outbound,branch_12;branch_3,1406.4338633592788
1001092,1001250,weaver,overground,inbound;outbound,branch_13;branch_6,1216.2019794940563
1001092,1001257,weaver,overground,inbound;outbound,branch_1;branch_11,2711.9743614415793
1001098,1001243,liberty,overground,inbound;outbound,branch_0;branch_1,2640.9666359765706
1001109,1001131,mildmay,overground,inbound;outbound,branch_2;branch_3,1325.2759413263275
1001111,1001189,elizabeth,elizabeth-line,inbound;outbound,branch_11;branch_12,1562.1993753192883
1001111,1001190,elizabeth,elizabeth-line,inbound;outbound,branch_11;branch_12,1338.7229704838908
1001112,1001154,windrush,overground,inbound;outbound,branch_15;branch_6,1296.1512300160398
1001112,1001289,windrush,overground,inbound;outbound,branch_15;branch_6,1351.4628626317394
1001115,1001137,elizabeth,elizabeth-line,inbound;outbound,branch_11;branch_12,2237.0503996919247
1001115,1001243,elizabeth,elizabeth-line,inbound;outbound,branch_11;branch_12,1761.015931976087
1001117,1001246,elizabeth,elizabeth-line,inbound;outbound,branch_11;branch_12,965.9424511887584
1001119,1001131,mildmay,overground,inbound;outbound,branch_2;branch_3,1034.130712253651
1001119,1001165,mildmay,overground,inbound;outbound,branch_2;branch_3,1016.3214790581637
1001119,1001302,suffragette,overground,inbound;outbound,branch_0;branch_1,1741.680551145571
1001123,1002027,dlr,dlr,inbound;outbound,branch_2;branch_24,461.5426330714235
1001123,1002029,dlr,dlr,inbound;outbound,branch_2;branch_24,715.2460161004363
1001127,1001153,mildmay,overground,inbound;outbound,branch_2;branch_3,950.1338472424386
1001128,1001183,weaver,overground,inbound;outbound,branch_5;branch_7,872.2088486795805
1001128,1001238,weaver,overground,inbound;outbound,branch_3;branch_9,1200.8151509478166
1001129,1001153,mildmay,overground,inbound;outbound,branch_2;branch_3,1274.30903707768
1001135,1001255,elizabeth,elizabeth-line,inbound;outbound,branch_10;branch_23,2854.264377939525
1001135,1001327,elizabeth,elizabeth-line,inbound;outbound,branch_10;branch_23,1293.978376189558
1001139,1001264,suffragette,overground,inbound;outbound,branch_0;branch_1,1839.4563653548146
1001142,1001146,lioness,overground,inbound;outbound,branch_0;branch_1,1090.0429936543662
1001144,1001147,elizabeth,elizabeth-line,inbound;outbound,branch_18;branch_9,4193.220410177433
1001144,1001255,elizabeth,elizabeth-line,inbound;outbound,branch_10;branch_23,2937.927895528022
1001144,1001325,elizabeth,elizabeth-line,inbound;outbound,branch_19;branch_3,3661.1618145062157
1001147,1016430,elizabeth,elizabeth-line,inbound;outbound,branch_1;branch_21,2495.125756810415
1001150,1001343,weaver,overground,inbound;outbound,branch_0;branch_10,2426.513782840786
1001157,1001189,elizabeth,elizabeth-line,inbound;outbound,branch_11;branch_12,1779.0743478372526
1001157,1001246,elizabeth,elizabeth-line,inbound;outbound,branch_11;branch_12,1978.1193240418295
1001170,1001260,lioness,overground,inbound;outbound,branch_0;branch_1,1035.561414251817
1001177,1002035,dlr,dlr,inbound;outbound,branch_2;branch_24,529.196753702388
1001178,1001179,suffragette,overground,inbound;outbound,branch_0;branch_1,1332.1563916848186
1001178,1001308,suffragette,overground,inbound;outbound,branch_0;branch_1,1707.4510864550944
1001179,1001312,suffragette,overground,inbound;outbound,branch_0;branch_1,1806.6640272701065
1001180,1002083,dlr,dlr,inbound;outbound,branch_12;branch_25,965.4618099253091
1001216,1001324,windrush,overground,inbound;outbound,branch_0;branch_13,2811.41613226598
1001223,1001233,windrush,overground,inbound;outbound,branch_12;branch_3,927.9749336553222
1001225,1001289,windrush,overground,inbound;outbound,branch_0;branch_13,1171.7782891859997
1001238,1001273,weaver,overground,inbound;outbound,branch_3;branch_9,814.4146450909169
1001250,1001335,weaver,overground,inbound;outbound,branch_13;branch_6,1103.3533500388937
1001257,1001299,weaver,overground,inbound;outbound,branch_1;branch_11,2685.695538394511
1001265,1001273,weaver,overground,inbound;outbound,branch_3;branch_9,1060.3656332995165
1001299,1001533,weaver,overground,inbound;outbound,branch_1;branch_11,2366.3348818486465
1001312,1001341,suffragette,overground,inbound;outbound,branch_0;branch_1,1291.5381380061635
1001316,1001317,lioness,overground,inbound;outbound,branch_0;branch_1,1254.4538470631244
1001532,1001533,weaver,overground,inbound;outbound,branch_1;branch_11,1381.6326599712934
1001568,1001569,windrush,overground,inbound;outbound,branch_7;branch_8,814.9262156720612
1001569,1001570,windrush,overground,inbound;outbound,branch_7;branch_8,800.1614924725308
1001570,1001571,windrush,overground,inbound;outbound,branch_7;branch_8,905.6749208945733
1002000,1002009,dlr,dlr,inbound;outbound,branch_0;branch_20,955.8328375342744
1002000,1002099,dlr,dlr,inbound;outbound,branch_0;branch_20,1177.1791707263424
1002003,1002034,dlr,dlr,inbound;outbound,branch_13;branch_5,464.6203323127556
1002003,1002064,dlr,dlr,inbound;outbound,branch_13;branch_5,475.8992542381748
1002009,1003000,dlr,dlr,inbound;outbound,branch_0;branch_20,1382.9874941772614
1002011,1002039,dlr,dlr,inbound;outbound,branch_1;branch_21,937.3893962154226
1002012,1002028,dlr,dlr,inbound;outbound,branch_1;branch_21,624.0014411281538
1002012,1002070,dlr,dlr,inbound;outbound,branch_1;branch_21,629.1929965607804
1002018,1002033,dlr,dlr,inbound;outbound,branch_19;branch_8,356.7307892275181
1002018,1002064,dlr,dlr,inbound;outbound,branch_19;branch_8,732.1032207866323
1002019,1002030,dlr,dlr,inbound;outbound,branch_13;branch_5,621.2962339465628
1002019,1002066,dlr,dlr,inbound;outbound,branch_13;branch_5,908.3772932586312
1002025,1002061,dlr,dlr,inbound;outbound,branch_2;branch_24,546.457491346063
1002025,1002074,dlr,dlr,inbound;outbound,branch_2;branch_24,494.6362991347804
1002027,1002048,dlr,dlr,inbound;outbound,branch_2;branch_24,688.7139568731346
1002028,1002039,dlr,dlr,inbound;outbound,branch_1;branch_21,540.8246077059584
1002029,1002035,dlr,dlr,inbound;outbound,branch_2;branch_24,713.7467533154792
1002030,1002034,dlr,dlr,inbound;outbound,branch_13;branch_5,867.5526350931951
1002046,1002074,dlr,dlr,inbound;outbound,branch_2;branch_24,520.7296438805147
1002046,1003008,dlr,dlr,inbound;outbound,branch_2;branch_24,181.0018887056829
1002048,1002061,dlr,dlr,inbound;outbound,branch_2;branch_24,463.9652577994478
1002064,1002083,dlr,dlr,inbound;outbound,branch_22;branch_6,671.6648550526196
1002064,1002084,dlr,dlr,inbound;outbound,branch_18;branch_3,213.48141772226077
1002065,1002070,dlr,dlr,inbound;outbound,branch_1;branch_21,826.7632007111928
1002083,1002084,dlr,dlr,inbound,branch_4,515.4139184685703
1002083,1003008,dlr,dlr,outbound,branch_23,641.157578083138
1002084,1003008,dlr,dlr,inbound;outbound,branch_18;branch_2,241.328254162606
1002098,1002099,dlr,dlr,inbound;outbound,branch_0;branch_20,670.6186903819711
1002195,1002196,northern,tube,inbound;outbound,branch_10;branch_7,949.237149960392
1003006,1003007,dlr,dlr,inbound;outbound,branch_17;branch_7,749.1725285395361
