station_id,name,lat,lon,modes,stop_type,zone,naptan_ids,hub_naptan_code,ics_ids
1000002,Acton Town Underground Station,51.50306606666666,-0.2804224,tube,NaptanMetroStation,3,4900ZZLUACT1;4900ZZLUACT2;940GZZLUACT,940GZZLUACT,1000002
1000003,Aldgate Underground Station,51.5142264,-0.07564810000000001,tube,NaptanMetroStation,1,4900ZZLUALD1;940GZZLUALD,,1000003
1000004,Aldgate East Underground Station,51.51516086666666,-0.07186306666666667,tube,NaptanMetroStation,1,4900ZZLUADE1;4900ZZLUADE2;4900ZZLUADE3;4900ZZLUADE4;4900ZZLUADE5;4900ZZLUADE6;940GZZLUADE,,1000004
1000005,Alperton Underground Station,51.5406275,-0.29953,tube,NaptanMetroStation,4,4900ZZLUALP1;940GZZLUALP,,1000005
1000006,Amersham Underground Station,51.674146,-0.607626,tube,NaptanMetroStation,9,0400ZZLUAMS0;940GZZLUAMS,HUBAMR,1000006
1000007,Angel Underground Station,51.53193857142857,-0.10599071428571429,tube,NaptanMetroStation,1,4900ZZLUAGL1;4900ZZLUAGL2;940GZZLUAGL,,1000007
1000008,Archway Underground Station,51.5654025,-0.134850625,tube,NaptanMetroStation,,4900ZZLUACY1;4900ZZLUACY2;4900ZZLUACY3;940GZZLUACY,,1000008
1000009,Arnos Grove Underground Station,51.616381666666676,-0.13311833333333334,tube,NaptanMetroStation,4,4900ZZLUASG1;940GZZLUASG,,1000009
1000010,Arsenal Underground Station,51.5586125,-0.10716083333333333,tube,NaptanMetroStation,2,4900ZZLUASL1;940GZZLUASL,,1000010
1000011,Baker Street Underground Station,51.522808919999996,-0.1571216,tube,NaptanMetroStation,1,4900ZZLUBST1;4900ZZLUBST2;4900ZZLUBST3;4900ZZLUBST4;940GZZLUBST,,1000011
1000012,Balham Underground Station,51.44330342857143,-0.15291585714285713,tube,NaptanMetroEntrance,3,4900ZZLUBLM1;4900ZZLUBLM2;4900ZZLUBLM3;4900ZZLUBLM4;940GZZLUBLM,HUBBAL,1000012
1000013,Bank Underground Station,51.5125449,-0.08800889999999999,dlr;tube,NaptanMetroStation,1,940GZZDLBNK;940GZZLUBNK,HUBBAN,1000013
1000014,Barbican Underground Station,51.5202775,-0.09795992857142857,tube,NaptanMetroStation,1,4900ZZLUBBN1;940GZZLUBBN,,1000014
1000015,Barking Underground Station,51.539392222222226,0.08104488888888889,overground;tube,NaptanMetroStation,4,4900BARKING1;910GBARKING;940GZZLUBKG,HUBBKG,1000015
1000016,Barkingside Underground Station,51.58571083333334,0.0885475,tube,NaptanMetroStation,4,4900ZZLUBKE1;940GZZLUBKE,,1000016
1000017,Barons Court Underground Station,51.490316899999996,-0.21343930000000003,tube,NaptanMetroStation,2,4900ZZLUBSC1;940GZZLUBSC,,1000017
1000018,Bayswater Underground Station,51.5122946,-0.1879132,tube,NaptanMetroStation,1,4900ZZLUBWT1;940GZZLUBWT,,1000018
1000019,Becontree Underground Station,51.5403425,0.12709833333333334,tube,NaptanMetroStation,5,4900ZZLUBEC1;940GZZLUBEC,,1000019
1000020,Belsize Park Underground Station,51.5503275,-0.16461833333333334,tube,NaptanMetroStation,2,4900ZZLUBZP1;940GZZLUBZP,,1000020
1000021,Bermondsey Underground Station,51.497815,-0.06393249999999999,tube,NaptanMetroStation,2,4900ZZLUBMY1;940GZZLUBMY,,1000021
1000022,Bethnal Green Underground Station,51.52731111111112,-0.05547666666666667,tube,NaptanMetroStation,2,4900ZZLUBLG1;4900ZZLUBLG2;4900ZZLUBLG3;4900ZZLUBLG4;940GZZLUBLG,,1000022
1000023,Blackfriars Underground Station,51.511581,-0.10365899999999999,tube,NaptanMetroStation,1,940GZZLUBKF,HUBBFR,1000023
1000024,Blackhorse Road Underground Station,51.58685133333333,-0.041132,overground;tube,NaptanMetroStation,3,4900BLCHSRD1;4900BLCHSRD2;4900BLCHSRD3;910GBLCHSRD;940GZZLUBLR,HUBBHO,1000024
1000025,Bond Street Station,51.51416133333333,-0.14937173333333334,elizabeth-line;tube,NaptanMetroEntrance,1,4900ZZLUBND1;4900ZZLUBND2;4900ZZLUBND3;4900ZZLUBND4;4900ZZLUBND5;4900ZZLUBND6;4900ZZLUBND7;910GBONDST;940GZZLUBND,HUBBDS,1000025
1000026,Borough Underground Station,51.50107214285714,-0.09320428571428571,tube,NaptanMetroStation,1,4900ZZLUBOR1;4900ZZLUBOR2;940GZZLUBOR,,1000026
1000027,Boston Manor Underground Station,51.49567083333333,-0.32485916666666664,tube,NaptanMetroStation,4,4900ZZLUBOS1;940GZZLUBOS,,1000027
1000028,Bounds Green Underground Station,51.60700428571429,-0.12429071428571428,tube,NaptanMetroStation,,4900ZZLUBDS1;4900ZZLUBDS2;940GZZLUBDS,,1000028
1000029,Bow Road Underground Station,51.526958,-0.025116199999999998,tube,NaptanMetroStation,2,4900ZZLUBWR1;940GZZLUBWR,,1000029
1000030,Brent Cross Underground Station,51.576722857142855,-0.21352285714285715,tube,NaptanMetroStation,3,4900ZZLUBTX1;4900ZZLUBTX2;940GZZLUBTX,,1000030
1000031,Brixton Underground Station,51.462626,-0.11490600000000001,tube,NaptanMetroStation,2,4900ZZLUBXN1;940GZZLUBXN,HUBBRX,1000031
1000032,Bromley-by-Bow Underground Station,51.524823727272725,-0.011486545454545454,tube,NaptanMetroStation,,4900ZZLUBBB1;4900ZZLUBBB2;940GZZLUBBB,,1000032
1000033,Buckhurst Hill Underground Station,51.626605,0.046757,tube,NaptanMetroStation,5,940GZZLUBKH,,1000033
1000034,Burnt Oak Underground Station,51.60274333333333,-0.26403666666666664,tube,NaptanMetroStation,4,4900ZZLUBTK1;940GZZLUBTK,,1000034
1000035,Caledonian Road Underground Station,51.5485275,-0.11843083333333333,tube,NaptanMetroStation,2,4900ZZLUCAR1;940GZZLUCAR,,1000035
1000036,Camden Town Underground Station,51.53928938461539,-0.14272307692307692,tube,NaptanMetroStation,2,4900ZZLUCTN1;4900ZZLUCTN2;940GZZLUCTN,940GZZLUCTN,1000036
1000037,Canada Water Underground Station,51.49799588888889,-0.049549444444444445,overground;tube,NaptanMetroStation,2,4900CNDAW1;4900CNDAW2;4900CNDAW3;910GCNDAW;940GZZLUCWR,HUBZCW,1000037
1000038,Canary Wharf Underground Station,51.503479,-0.018041333333333333,tube,NaptanMetroStation,2,4900ZZLUCYF1;4900ZZLUCYF2;4900ZZLUCYF3;940GZZLUCYF,HUBCAW,1000038
1000039,Canning Town DLR Station,51.514095277777784,0.008211388888888888,dlr;tube,NaptanMetroStation,,4900ZZDLCGT2;4900ZZDLCGT3;4900ZZDLCGT4;4900ZZDLCGT5;4900ZZDLCGT6;4900ZZDLCGT7;940GZZDLCGT;940GZZLUCGT,HUBCAN,1000039
1000040,Cannon Street Underground Station,51.51148571428571,-0.09046142857142857,tube,NaptanMetroStation,1,4900ZZLUCST;4900ZZLUCST1;940GZZLUCST,HUBCST,1000040
1000041,Canons Park Underground Station,51.607657857142854,-0.29466642857142855,tube,NaptanMetroStation,5,4900ZZLUCPK1;4900ZZLUCPK2;940GZZLUCPK,,1000041
1000042,Chalfont & Latimer Underground Station,51.667992444444444,-0.5606736666666667,tube,NaptanMetroStation,8,0400ZZLUCAL0;0400ZZLUCAL1;940GZZLUCAL,HUBCFO,1000042
1000043,Chalk Farm Underground Station,51.544090000000004,-0.15340833333333334,tube,NaptanMetroStation,2,4900ZZLUCFM1;940GZZLUCFM,,1000043
1000044,Chancery Lane Underground Station,51.518219375,-0.111499375,tube,NaptanMetroStation,1,4900ZZLUCHL1;4900ZZLUCHL2;4900ZZLUCHL3;940GZZLUCHL,,1000044
1000045,Charing Cross Stn  / Trafalgar Square,51.508064705882354,-0.12635264705882351,tube,NaptanMetroEntrance,1,4900ZZLUCHX1;4900ZZLUCHX2;4900ZZLUCHX3;4900ZZLUCHX4;4900ZZLUCHX5;4900ZZLUCHX6;4900ZZLUCHX7;4900ZZLUCHX8;4900ZZLUCHX9;4900ZZLUCHXA;4900ZZLUCHXB;4900ZZLUCHXC;940GZZLUCHX,HUBCHX,1000045
1000046,Chesham Underground Station,51.705211166666665,-0.6112246666666666,tube,NaptanMetroStation,9,0400ZZLUCSM0;940GZZLUCSM,,1000046
1000047,Chigwell Underground Station,51.617916,0.075041,tube,NaptanMetroStation,4,940GZZLUCWL,,1000047
1000048,Chiswick Park Underground Station,51.494510625000004,-0.26786625,tube,NaptanMetroStation,3,4900ZZLUCWP1;4900ZZLUCWP2;4900ZZLUCWP3;940GZZLUCWP,,1000048
1000049,Chorleywood Underground Station,51.654301399999994,-0.5184426,tube,NaptanMetroStation,7,2100ZZLUCYD0;2100ZZLUCYD1;940GZZLUCYD,HUBCLW,1000049
1000050,Clapham Common Underground Station,51.46172625,-0.138321875,tube,NaptanMetroStation,2,4900ZZLUCPC1;4900ZZLUCPC2;4900ZZLUCPC3;940GZZLUCPC,,1000050
1000051,Clapham North Underground Station,51.46514249999999,-0.12993833333333332,tube,NaptanMetroStation,2,4900ZZLUCPN1;940GZZLUCPN,,1000051
1000052,Clapham South Underground Station,51.452695000000006,-0.14759666666666665,tube,NaptanMetroStation,,4900ZZLUCPS1;940GZZLUCPS,,1000052
1000053,Cockfosters Underground Station,51.65153111111111,-0.149425,tube,NaptanMetroStation,5,4900ZZLUCKS1;4900ZZLUCKS2;4900ZZLUCKS3;4900ZZLUCKS4;940GZZLUCKS,,1000053
1000054,Colindale Underground Station,51.59540833333333,-0.24991916666666666,tube,NaptanMetroStation,4,4900ZZLUCND1;940GZZLUCND,,1000054
1000055,Colliers Wood Underground Station,51.41815857142857,-0.17808857142857143,tube,NaptanMetroStation,3,4900ZZLUCSD1;4900ZZLUCSD2;940GZZLUCSD,,1000055
1000056,Covent Garden Underground Station,51.513079285714284,-0.12434571428571428,tube,NaptanMetroStation,1,4900ZZLUCGN1;4900ZZLUCGN2;940GZZLUCGN,,1000056
1000057,Croxley Underground Station,51.64704816666667,-0.4417226666666667,tube,NaptanMetroStation,7,2100ZZLUCXY0;940GZZLUCXY,,1000057
1000058,Dagenham East Underground Station,51.54411833333334,0.16601583333333333,tube,NaptanMetroStation,5,4900ZZLUDGE1;940GZZLUDGE,,1000058
1000059,Dagenham Heathway Underground Station,51.54165916666667,0.14756916666666667,tube,NaptanMetroStation,5,4900ZZLUDGY1;940GZZLUDGY,,1000059
1000060,Debden Underground Station,51.64538600000001,0.083782,tube,NaptanMetroStation,6,940GZZLUDBN,,1000060
1000061,Dollis Hill Underground Station,51.551969285714286,-0.23903857142857143,tube,NaptanMetroStation,3,4900ZZLUDOH1;4900ZZLUDOH2;940GZZLUDOH,,1000061
1000062,Ealing Broadway Underground Station,51.514950999999996,-0.301567625,elizabeth-line;tube,NaptanMetroStation,3,910GEALINGB;940GZZLUEBY,HUBEAL,1000062
1000063,Ealing Common Underground Station,51.510158000000004,-0.2882555,tube,NaptanMetroStation,3,4900ZZLUECM1;940GZZLUECM,,1000063
1000064,Earl's Court Underground Station,51.491976894736844,-0.19349452631578948,tube,NaptanMetroStation,,4900ZZLUECT1;4900ZZLUECT2;940GZZLUECT,940GZZLUECT,1000064
1000065,East Acton Underground Station,51.51660833333333,-0.24728833333333333,tube,NaptanMetroStation,2,4900ZZLUEAN1;940GZZLUEAN,,1000065
1000066,Eastcote Underground Station,51.57650309090909,-0.39735609090909085,tube,NaptanMetroStation,5,4900ZZLUEAE1;4900ZZLUEAE2;940GZZLUEAE,,1000066
1000067,East Finchley Underground Station,51.587055,-0.1648642857142857,tube,NaptanMetroStation,3,4900ZZLUEFY1;4900ZZLUEFY2;940GZZLUEFY,,1000067
1000068,East Ham Underground Station,51.538980181818175,0.051212181818181816,tube,NaptanMetroStation,,4900ZZLUEHM1;4900ZZLUEHM2;940GZZLUEHM,,1000068
1000069,East Putney Underground Station,51.459197499999995,-0.21095666666666668,tube,NaptanMetroStation,,4900ZZLUEPY1;940GZZLUEPY,,1000069
1000070,Edgware Underground Station,51.61362214285714,-0.2751828571428571,tube,NaptanMetroStation,5,4900ZZLUEGW1;4900ZZLUEGW2;940GZZLUEGW,,1000070
1000071,Edgware Road (Bakerloo) Underground Station,51.52028416666667,-0.17017000000000002,tube,NaptanMetroStation,1,4900ZZLUERB1;940GZZLUERB,,1000071
1000072,Edgware Road (Circle Line) Underground Station,51.51988031578947,-0.1677723157894737,tube,NaptanMetroStation,1,4900ZZLUERC1;4900ZZLUERC2;940GZZLUERC,940GZZLUERC,1000072
1000073,Elephant & Castle Underground Station,51.49469857142857,-0.10061714285714286,tube,NaptanMetroStation,,4900ZZLUEAC1;4900ZZLUEAC2;940GZZLUEAC,HUBEPH,1000073
1000074,Elm Park Underground Station,51.549799166666666,0.19873666666666667,tube,NaptanMetroStation,6,4900ZZLUEPK1;940GZZLUEPK,,1000074
1000075,Embankment Underground Station,51.50707031578947,-0.12262115789473683,tube,NaptanMetroStation,1,4900ZZLUEMB1;4900ZZLUEMB2;940GZZLUEMB,,1000075
1000076,Epping Underground Station,51.69367999999999,0.113767,tube,NaptanMetroStation,6,940GZZLUEPG,,1000076
1000077,Euston Underground Station,51.528312,-0.13254984615384616,overground;tube,NaptanMetroStation,1,910GEUSTON;940GZZLUEUS,HUBEUS,1000077
1000078,Euston Square Underground Station,51.52559946666667,-0.13580646666666668,tube,NaptanMetroStation,1,4900ZZLUESQ1;4900ZZLUESQ2;940GZZLUESQ,,1000078
1000079,Fairlop Underground Station,51.59561,0.09095500000000001,tube,NaptanMetroStation,4,4900ZZLUFLP1;940GZZLUFLP,,1000079
1000080,Farringdon Underground Station,51.52015741666667,-0.10441558333333334,elizabeth-line;tube,NaptanMetroStation,1,4900ZZLUFCN1;4900ZZLUFCN2;910GFRNDXR;940GZZLUFCN,HUBZFD,1000080
1000081,Finchley Central Underground Station,51.600908090909094,-0.19254845454545455,tube,NaptanMetroStation,4,4900ZZLUFYC1;4900ZZLUFYC2;940GZZLUFYC,940GZZLUFYC,1000081
1000082,Finchley Road Underground Station,51.5468305,-0.1798365,tube,NaptanMetroStation,2,4900ZZLUFYR1;940GZZLUFYR,,1000082
1000083,Finsbury Park Underground Station,51.56432111111111,-0.10686055555555557,tube,NaptanMetroStation,2,4900ZZLUFPK1;4900ZZLUFPK2;4900ZZLUFPK3;4900ZZLUFPK4;940GZZLUFPK,HUBFPK,1000083
1000084,Fulham Broadway Underground Station,51.480084166666664,-0.19542,tube,NaptanMetroStation,2,4900ZZLUFBY1;940GZZLUFBY,,1000084
1000085,Gants Hill Station,51.576684,0.06624766666666666,tube,NaptanMetroEntrance,4,4900ZZLUGTH1;4900ZZLUGTH2;4900ZZLUGTH3;4900ZZLUGTH4;4900ZZLUGTH5;4900ZZLUGTH6;4900ZZLUGTH7;4900ZZLUGTH8;4900ZZLUGTH9;4900ZZLUGTHA;940GZZLUGTH,,1000085
1000086,Gloucester Road Underground Station,51.49433586666667,-0.18265693333333333,tube,NaptanMetroStation,1,4900ZZLUGTR1;4900ZZLUGTR2;940GZZLUGTR,,1000086
1000087,Golders Green Underground Station,51.572265,-0.19408642857142855,tube,NaptanMetroStation,3,4900ZZLUGGN1;4900ZZLUGGN2;940GZZLUGGN,,1000087
1000088,Goldhawk Road Underground Station,51.501994999999994,-0.2267468181818182,tube,NaptanMetroStation,2,4900ZZLUGHK1;4900ZZLUGHK2;940GZZLUGHK,,1000088
1000089,Goodge Street Underground Station,51.52061083333333,-0.13438416666666667,tube,NaptanMetroStation,1,4900ZZLUGDG1;940GZZLUGDG,,1000089
1000090,Grange Hill Underground Station,51.613378,0.092066,tube,NaptanMetroStation,4,940GZZLUGGH,,1000090
1000091,Great Portland Street Underground Station,51.523835999999996,-0.1442004,tube,NaptanMetroStation,1,4900ZZLUGPS1;4900ZZLUGPS2;940GZZLUGPS,,1000091
1000092,Greenford Underground Station,51.542424000000004,-0.34605,tube,NaptanMetroStation,4,940GZZLUGFD,HUBGFD,1000092
1000093,Green Park Underground Station,51.506873388888884,-0.14282394444444446,tube,NaptanMetroStation,1,4900ZZLUGPK1;4900ZZLUGPK2;4900ZZLUGPK3;4900ZZLUGPK4;4900ZZLUGPK5;940GZZLUGPK,,1000093
1000094,Gunnersbury Underground Station,51.491752999999996,-0.2752746,overground;tube,NaptanMetroStation,3,910GGNRSBRY;940GZZLUGBY,HUBGUN,1000094
1000095,Hainault Underground Station,51.603659,0.093482,tube,NaptanMetroStation,4,940GZZLUHLT,940GZZLUHLT,1000095
1000096,Hammersmith (Dist&Picc Line) Underground Station,51.49228857142857,-0.22370857142857142,tube,NaptanMetroStation,2,4900ZZLUHSD1;4900ZZLUHSD2;940GZZLUHSD,HUBHMS,1000096
1000097,Hammersmith (H&C Line) Underground Station,51.49337857142857,-0.2249257142857143,tube,NaptanMetroStation,2,4900ZZLUHSC1;4900ZZLUHSC2;940GZZLUHSC,HUBHMS,1000097
1000098,Hampstead Underground Station,51.556375,-0.17771857142857142,tube,NaptanMetroStation,,4900ZZLUHTD1;4900ZZLUHTD2;940GZZLUHTD,,1000098
1000099,Hanger Lane Underground Station,51.52998722222222,-0.29265,tube,NaptanMetroStation,3,4900ZZLUHGR1;4900ZZLUHGR2;4900ZZLUHGR3;4900ZZLUHGR4;940GZZLUHGR,,1000099
1000100,Harlesden Underground Station,51.5363016,-0.2577966,overground;tube,NaptanMetroStation,3,910GHARLSDN;940GZZLUHSN,HUBHDN,1000100
1000101,Harrow & Wealdstone Underground Station,51.592228399999996,-0.3349586,overground;tube,NaptanMetroStation,5,910GHROW;940GZZLUHAW,HUBHRW,1000101
1000102,Harrow-on-the-Hill Underground Station,51.57919499999999,-0.337225,tube,NaptanMetroStation,5,940GZZLUHOH,HUBHOH,1000102
1000103,Hatton Cross Underground Station,51.46674544444444,-0.42313744444444445,tube,NaptanMetroStation,,4900ZZLUHNX1;4900ZZLUHNX2;940GZZLUHNX,,1000103
1000104,Heathrow Terminal 4 Underground Station,51.458421599999994,-0.4456478,elizabeth-line;tube,NaptanMetroStation,6,910GHTRWTM4;940GZZLUHR4,HUBHX4,1000104
1000105,Heathrow Terminals 2 & 3 Underground Station,51.47100772727272,-0.4524568181818182,tube,NaptanMetroEntrance,6,4900ZZLUHRC1;4900ZZLUHRC2;4900ZZLUHRC3;4900ZZLUHRC4;4900ZZLUHRC5;4900ZZLUHRCZ;940GZZLUHRC,HUBH13,1000105
1000106,Hendon Central Underground Station,51.5832475,-0.22651,tube,NaptanMetroStation,,4900ZZLUHCL1;940GZZLUHCL,,1000106
1000107,High Barnet Underground Station,51.65049357142857,-0.19429571428571427,tube,NaptanMetroStation,5,4900ZZLUHBT1;4900ZZLUHBT2;940GZZLUHBT,,1000107
1000108,Highbury & Islington Rail Station,51.546251142857145,-0.10357542857142857,overground;tube,NaptanRailStation,2,910GHGHI;940GZZLUHAI,HUBHHY,1000108
1000109,Highgate Underground Station,51.57759125,-0.145975625,tube,NaptanMetroStation,3,4900ZZLUHGT1;4900ZZLUHGT2;4900ZZLUHGT3;940GZZLUHGT,,1000109
1000110,High Street Kensington Underground Station,51.5010525,-0.1928048,tube,NaptanMetroStation,1,4900ZZLUHSK1;940GZZLUHSK,,1000110
1000111,Hillingdon Underground Station,51.55372576923077,-0.449624,tube,NaptanMetroStation,6,4900ZZLUHGD1;4900ZZLUHGD2;4900ZZLUHGD3;4900ZZLUHGD4;940GZZLUHGD,,1000111
1000112,Holborn Underground Station,51.51756090909091,-0.12038590909090909,tube,NaptanMetroStation,1,4900ZZLUHBN1;4900ZZLUHBN2;940GZZLUHBN,,1000112
1000113,Holland Park Underground Station,51.50720214285714,-0.205665,tube,NaptanMetroStation,2,4900ZZLUHPK1;4900ZZLUHPK2;940GZZLUHPK,,1000113
1000114,Holloway Road Underground Station,51.552730833333335,-0.11316,tube,NaptanMetroStation,2,4900ZZLUHWY1;940GZZLUHWY,,1000114
1000115,Hornchurch Underground Station,51.554094166666665,0.21913833333333332,tube,NaptanMetroStation,6,4900ZZLUHCH1;940GZZLUHCH,,1000115
1000116,Hounslow Central Underground Station,51.47127916666667,-0.36665,tube,NaptanMetroStation,4,4900ZZLUHWC1;940GZZLUHWC,,1000116
1000117,Hounslow East Underground Station,51.47322916666667,-0.35652833333333334,tube,NaptanMetroStation,4,4900ZZLUHWE1;940GZZLUHWE,,1000117
1000118,Hounslow West Underground Station,51.47339916666667,-0.38639333333333337,tube,NaptanMetroStation,5,4900ZZLUHWT1;940GZZLUHWT,,1000118
1000119,Hyde Park Corner Underground Station,51.50314708333334,-0.15242124999999998,tube,NaptanMetroEntrance,1,4900ZZLUHPC1;4900ZZLUHPC2;4900ZZLUHPC3;4900ZZLUHPC4;4900ZZLUHPC5;4900ZZLUHPC6;4900ZZLUHPC7;940GZZLUHPC,,1000119
1000120,Ickenham Underground Station,51.561795000000004,-0.4421925,tube,NaptanMetroStation,6,4900ZZLUICK1;940GZZLUICK,,1000120
1000121,Kennington Underground Station,51.488323615384616,-0.10590792307692308,tube,NaptanMetroStation,,4900ZZLUKNG1;4900ZZLUKNG2;940GZZLUKNG,940GZZLUKNG,1000121
1000122,Kensal Green Underground Station,51.530539399999995,-0.2250448,overground;tube,NaptanMetroStation,2,910GKENSLG;940GZZLUKSL,HUBKNL,1000122
1000123,Kentish Town Underground Station,51.550312,-0.140733,tube,NaptanMetroStation,2,940GZZLUKSH,HUBKTN,1000123
1000124,Kenton Underground Station,51.58177439999999,-0.3169384,overground;tube,NaptanMetroStation,4,910GKTON;940GZZLUKEN,HUBKNT,1000124
1000125,Kew Gardens Underground Station,51.477064,-0.28516620000000004,overground;tube,NaptanMetroStation,,910GKEWGRDN;940GZZLUKWG,HUBKWG,1000125
1000126,Kilburn Underground Station,51.54714083333334,-0.20422166666666666,tube,NaptanMetroStation,2,4900ZZLUKBN1;940GZZLUKBN,,1000126
1000127,Kilburn Park Underground Station,51.53499083333333,-0.19412333333333331,tube,NaptanMetroStation,2,4900ZZLUKPK1;940GZZLUKPK,,1000127
1000128,Kingsbury Underground Station,51.5848675,-0.278775,tube,NaptanMetroStation,4,4900ZZLUKBY1;940GZZLUKBY,,1000128
1000129,King's Cross St. Pancras Underground Station,51.530738038461536,-0.12375430769230769,tube,NaptanMetroStation,1,4900ZZLUKSX1;4900ZZLUKSX2;4900ZZLUKSX3;4900ZZLUKSX4;4900ZZLUKSX5;4900ZZLUKSX6;4900ZZLUKSX7;4900ZZLUKSX8;4900ZZLUKSX9;4900ZZLUKSXA;4900ZZLUKSXB;4900ZZLUKSXC;4900ZZLUKSXD;940GZZLUKSX,HUBKGX,1000129
1000130,Knightsbridge Underground Station,51.5014775,-0.16076600000000002,tube,NaptanMetroStation,1,4900ZZLUKNB1;4900ZZLUKNB2;4900ZZLUKNB3;4900ZZLUKNB4;4900ZZLUKNB5;940GZZLUKNB,,1000130
1000131,Ladbroke Grove Underground Station,51.517446099999994,-0.2103589,tube,NaptanMetroStation,2,4900ZZLULAD1;940GZZLULAD,,1000131
1000132,Lambeth North Underground Station,51.498815,-0.1122975,tube,NaptanMetroStation,1,4900ZZLULBN1;940GZZLULBN,,1000132
1000133,Lancaster Gate Underground Station,51.511715833333334,-0.17548166666666667,tube,NaptanMetroStation,1,4900ZZLULGT1;940GZZLULGT,,1000133
1000134,Latimer Road Underground Station,51.5134201,-0.21778209999999998,tube,NaptanMetroStation,2,4900ZZLULRD1;940GZZLULRD,,1000134
1000135,Leicester Square Underground Station,51.51143030769231,-0.128358,tube,NaptanMetroStation,1,4900ZZLULSQ1;4900ZZLULSQ2;4900ZZLULSQ3;4900ZZLULSQA;940GZZLULSQ,,1000135
1000136,Leyton Underground Station,51.556572499999994,-0.0055725,tube,NaptanMetroStation,3,4900ZZLULYN1;940GZZLULYN,,1000136
1000137,Leytonstone Underground Station,51.568302363636356,0.008113272727272726,tube,NaptanMetroStation,,4900ZZLULYS1;4900ZZLULYS2;940GZZLULYS,940GZZLULYS,1000137
1000138,Liverpool Street Underground Station,51.51757482352941,-0.08304176470588236,elizabeth-line;overground;tube,NaptanMetroStation,1,4900ZZLULVT3;4900ZZLULVT4;910GLIVST;910GLIVSTLL;940GZZLULVT,HUBLST,1000138
1000139,London Bridge Underground Station,51.50552042857142,-0.08807842857142857,overground;tube,NaptanMetroStation,1,910GLNDNBDC;940GZZLULNB,HUBLBG,1000139
1000140,Loughton Underground Station,51.641443,0.05547599999999999,tube,NaptanMetroStation,6,940GZZLULGN,,1000140
1000141,Maida Vale Underground Station,51.529806428571426,-0.18578285714285717,tube,NaptanMetroStation,2,4900ZZLUMVL1;4900ZZLUMVL2;940GZZLUMVL,,1000141
1000142,Manor House Station,51.5707625,-0.09599583333333334,tube,NaptanMetroEntrance,,4900ZZLUMRH1;4900ZZLUMRH2;4900ZZLUMRH3;4900ZZLUMRH4;4900ZZLUMRH5;4900ZZLUMRH6;4900ZZLUMRH7;940GZZLUMRH,,1000142
1000143,Mansion House Underground Station,51.51219307142857,-0.09397364285714285,tube,NaptanMetroStation,1,4900ZZLUMSH1;4900ZZLUMSH2;4900ZZLUMSH3;4900ZZLUMSH4;4900ZZLUMSH5;940GZZLUMSH,,1000143
1000144,Marble Arch Station,51.51273277777778,-0.15887861111111112,tube,NaptanMetroEntrance,1,4900ZZLUMBA1;4900ZZLUMBA2;4900ZZLUMBA3;4900ZZLUMBA4;4900ZZLUMBA5;4900ZZLUMBA6;4900ZZLUMBA7;4900ZZLUMBA8;4900ZZLUMBA9;4900ZZLUMBAA;4900ZZLUMBAB;4900ZZLUMBAC;4900ZZLUMBAD;940GZZLUMBA,,1000144
1000145,Marylebone Underground Station,51.522322,-0.163207,tube,NaptanMetroStation,1,940GZZLUMYB,HUBMYB,1000145
1000146,Mile End Underground Station,51.52513114285715,-0.03362285714285714,tube,NaptanMetroStation,2,4900ZZLUMED1;940GZZLUMED,,1000146
1000147,Mill Hill East Underground Station,51.60823583333333,-0.20995,tube,NaptanMetroStation,4,4900ZZLUMHL1;940GZZLUMHL,,1000147
1000148,Monument Underground Station,51.510775714285714,-0.08617792857142857,tube,NaptanMetroStation,1,4900ZZLUMMT1;4900ZZLUMMT2;4900ZZLUMMT3;4900ZZLUMMT4;4900ZZLUMMT5;940GZZLUMMT,,1000148
1000149,Moorgate Underground Station,51.518176,-0.088322,tube,NaptanMetroStation,1,940GZZLUMGT,HUBZMG,1000149
1000150,Moor Park Underground Station,51.629825454545454,-0.4324321818181818,tube,NaptanMetroStation,,2100ZZLUMPK0;2100ZZLUMPK1;940GZZLUMPK,940GZZLUMPK,1000150
1000151,Morden Underground Station,51.40213571428571,-0.1947492857142857,tube,NaptanMetroStation,4,4900ZZLUMDN1;4900ZZLUMDN2;940GZZLUMDN,,1000151
1000152,Mornington Crescent Underground Station,51.534587499999994,-0.13884583333333333,tube,NaptanMetroStation,2,4900ZZLUMTC1;940GZZLUMTC,,1000152
1000153,Neasden Underground Station,51.55399166666667,-0.24982416666666665,tube,NaptanMetroStation,3,4900ZZLUNDN1;940GZZLUNDN,,1000153
1000154,Newbury Park Underground Station,51.57569833333334,0.09011166666666666,tube,NaptanMetroStation,4,4900ZZLUNBP1;940GZZLUNBP,,1000154
1000155,New Cross ELL Rail Station,51.476344,-0.032441,overground,NaptanRailStation,2,910GNWCRELL,HUBNWX,1000155
1000156,New Cross Gate Rail Station,51.475128000000005,-0.040399,overground,NaptanRailStation,2,910GNEWXGTE,HUBNXG,1000156
1000157,North Acton Underground Station,51.523517600000005,-0.25975550000000003,tube,NaptanMetroStation,,4900ZZLUNAN1;940GZZLUNAN,940GZZLUNAN,1000157
1000158,North Ealing Underground Station,51.5175125,-0.28891500000000003,tube,NaptanMetroStation,3,4900ZZLUNEN1;940GZZLUNEN,,1000158
1000159,Northfields Underground Station,51.49931083333333,-0.31469083333333336,tube,NaptanMetroStation,3,4900ZZLUNFD1;940GZZLUNFD,,1000159
1000160,North Greenwich Underground Station,51.50033833333333,0.004100166666666666,tube,NaptanMetroStation,,4900ZZLUNGW1;4900ZZLUNGW2;4900ZZLUNGW3;940GZZLUNGW,HUBNGW,1000160
1000161,North Harrow Underground Station,51.58486285714286,-0.3623228571428571,tube,NaptanMetroStation,5,4900ZZLUNHA1;4900ZZLUNHA2;940GZZLUNHA,,1000161
1000162,Northolt Underground Station,51.548228333333334,-0.3685941666666667,tube,NaptanMetroStation,5,4900ZZLUNHT1;940GZZLUNHT,,1000162
1000163,North Wembley Underground Station,51.562568999999996,-0.3039936,overground;tube,NaptanMetroStation,4,910GNWEMBLY;940GZZLUNWY,HUBNWB,1000163
1000164,Northwick Park Underground Station,51.57847785714285,-0.3181185714285714,tube,NaptanMetroStation,4,4900ZZLUNKP1;4900ZZLUNKP2;940GZZLUNKP,,1000164
1000165,Northwood Underground Station,51.611070833333336,-0.42380750000000006,tube,NaptanMetroStation,6,4900ZZLUNOW1;940GZZLUNOW,,1000165
1000166,Northwood Hills Underground Station,51.600606666666664,-0.40946499999999997,tube,NaptanMetroStation,6,4900ZZLUNWH1;940GZZLUNWH,,1000166
1000167,Notting Hill Gate Underground Station,51.50915577777778,-0.1962651111111111,tube,NaptanMetroStation,,4900ZZLUNHG1;4900ZZLUNHG2;4900ZZLUNHG3;4900ZZLUNHG4;4900ZZLUNHG5;940GZZLUNHG,,1000167
1000168,Oakwood Underground Station,51.64771,-0.132165,tube,NaptanMetroStation,5,4900ZZLUOAK1;940GZZLUOAK,,1000168
1000169,Old Street Underground Station,51.52586399999999,-0.08777,tube,NaptanMetroStation,1,940GZZLUODS,HUBOLD,1000169
1000170,Kensington (Olympia) Underground Station,51.497734,-0.2101546,overground;tube,NaptanMetroStation,2,910GKENOLYM;940GZZLUKOY,HUBKPA,1000170
1000171,Osterley Underground Station,51.48122571428571,-0.35205714285714285,tube,NaptanMetroStation,4,4900ZZLUOSY1;4900ZZLUOSY2;940GZZLUOSY,,1000171
1000172,Oval Underground Station,51.481921428571425,-0.11250071428571429,tube,NaptanMetroStation,2,4900ZZLUOVL1;4900ZZLUOVL2;940GZZLUOVL,,1000172
1000173,Oxford Circus Underground Station,51.51525736363636,-0.1418185909090909,tube,NaptanMetroStation,1,4900ZZLUOXC1;4900ZZLUOXC2;4900ZZLUOXC3;4900ZZLUOXC4;4900ZZLUOXC5;4900ZZLUOXC6;4900ZZLUOXC7;4900ZZLUOXC8;4900ZZLUOXC9;940GZZLUOXC,,1000173
1000174,Paddington Underground Station,51.516425181818185,-0.17553663636363637,tube,NaptanMetroStation,1,4900ZZLUPAC1;4900ZZLUPAC4;4900ZZLUPAC5;4900ZZLUPAC6;940GZZLUPAC,HUBPAD,1000174
1000175,Paddington (H&C Line)-Underground,51.518015625,-0.17796875,tube,NaptanMetroStation,1,4900ZZLUPAH1;4900ZZLUPAH2;4900ZZLUPAH3;940GZZLUPAH,HUBPAD,1000175
1000176,Park Royal Underground Station,51.52711071428571,-0.2843607142857143,tube,NaptanMetroStation,3,4900ZZLUPKR1;4900ZZLUPKR2;940GZZLUPKR,,1000176
1000177,Parsons Green Underground Station,51.475313571428565,-0.2011342857142857,tube,NaptanMetroStation,2,4900ZZLUPSG1;4900ZZLUPSG2;940GZZLUPSG,,1000177
1000178,Perivale Underground Station,51.53668928571428,-0.3235157142857143,tube,NaptanMetroStation,4,4900ZZLUPVL1;4900ZZLUPVL2;940GZZLUPVL,,1000178
1000179,Piccadilly Circus Underground Station,51.50998235294118,-0.1342195294117647,tube,NaptanMetroStation,1,4900ZZLUPCC1;4900ZZLUPCC2;4900ZZLUPCC3;4900ZZLUPCC4;4900ZZLUPCC5;4900ZZLUPCC6;4900ZZLUPCC7;4900ZZLUPCC8;940GZZLUPCC,,1000179
1000180,Pimlico Underground Station,51.489103125,-0.133655625,tube,NaptanMetroStation,1,4900ZZLUPCO1;4900ZZLUPCO2;4900ZZLUPCO3;940GZZLUPCO,,1000180
1000181,Pinner Underground Station,51.59274214285714,-0.3810407142857143,tube,NaptanMetroStation,5,4900ZZLUPNR1;4900ZZLUPNR2;940GZZLUPNR,,1000181
1000182,Plaistow Underground Station,51.53134081818182,0.01752809090909091,tube,NaptanMetroStation,3,4900ZZLUPLW1;4900ZZLUPLW2;940GZZLUPLW,,1000182
1000183,Preston Road Underground Station,51.571940000000005,-0.2950675,tube,NaptanMetroStation,4,4900ZZLUPRD1;940GZZLUPRD,,1000183
1000184,Putney Bridge Underground Station,51.46820833333334,-0.2088025,tube,NaptanMetroStation,2,4900ZZLUPYB1;940GZZLUPYB,,1000184
1000185,Queensbury Underground Station,51.59417333333334,-0.2861025,tube,NaptanMetroStation,4,4900ZZLUQBY1;940GZZLUQBY,,1000185
1000186,Queen's Park Underground Station,51.5340812,-0.20473840000000001,overground;tube,NaptanMetroStation,2,910GQPRK;940GZZLUQPS,HUBQPW,1000186
1000187,Queensway Underground Station,51.51034714285714,-0.18715142857142858,tube,NaptanMetroStation,1,4900ZZLUQWY1;4900ZZLUQWY2;940GZZLUQWY,,1000187
1000188,Ravenscourt Park Underground Station,51.49409142857143,-0.23604214285714287,tube,NaptanMetroStation,2,4900ZZLURVP1;4900ZZLURVP2;940GZZLURVP,,1000188
1000189,Rayners Lane Underground Station,51.5751273,-0.3710903,tube,NaptanMetroStation,5,4900ZZLURYL1;940GZZLURYL,,1000189
1000190,Redbridge Underground Station,51.576279285714286,0.04538142857142857,tube,NaptanMetroStation,4,4900ZZLURBG1;4900ZZLURBG2;940GZZLURBG,,1000190
1000191,Regent's Park Underground Station,51.523385,-0.14648833333333333,tube,NaptanMetroStation,1,4900ZZLURGP1;940GZZLURGP,,1000191
1000192,Richmond Underground Station,51.4631666,-0.3014248,overground;tube,NaptanMetroStation,4,910GRICHMND;940GZZLURMD,HUBRMD,1000192
1000193,Rickmansworth Underground Station,51.6402515,-0.47369075,tube,NaptanMetroStation,7,2100ZZLURKW0;940GZZLURKW,HUBRIC,1000193
1000194,Roding Valley Underground Station,51.61716928571428,0.043666428571428564,tube,NaptanMetroStation,4,4900ZZLURVY1;4900ZZLURVY2;940GZZLURVY,,1000194
1000195,Rotherhithe Rail Station,51.500817,-0.052048,overground,NaptanRailStation,2,910GRTHERHI,,1000195
1000196,Royal Oak Underground Station,51.519112699999994,-0.1887512,tube,NaptanMetroStation,2,4900ZZLURYO1;940GZZLURYO,,1000196
1000197,Ruislip Underground Station,51.571376599999994,-0.42184119999999997,tube,NaptanMetroStation,6,4900ZZLURSP1;940GZZLURSP,,1000197
1000198,Ruislip Gardens Underground Station,51.56067,-0.41075285714285714,tube,NaptanMetroStation,5,4900ZZLURSG1;4900ZZLURSG2;940GZZLURSG,,1000198
1000199,Ruislip Manor Underground Station,51.573208,-0.4129688181818182,tube,NaptanMetroStation,6,4900ZZLURSM1;4900ZZLURSM2;940GZZLURSM,,1000199
1000200,Russell Square Underground Station,51.52309083333333,-0.12429583333333334,tube,NaptanMetroStation,1,4900ZZLURSQ1;940GZZLURSQ,,1000200
1000201,Seven Sisters Rail Station,51.58272314285714,-0.07411885714285714,overground;tube,NaptanRailStation,3,910GSEVNSIS;940GZZLUSVS,HUBSVS,1000201
1000202,Shadwell DLR Station,51.511663444444444,-0.05641011111111111,dlr,NaptanMetroStation,2,4900ZZDLSHA3;4900ZZDLSHA4;940GZZDLSHA,HUBSDE,1000202
1000203,Shepherd's Bush (Central) Underground Station,51.5045516,-0.21847980000000003,tube,NaptanMetroStation,2,4900ZZLUSBC1;4900ZZLUSBC2;940GZZLUSBC,HUBSPB,1000203
1000204,Shepherd's Bush Market Underground Station,51.50560554545454,-0.22638045454545452,tube,NaptanMetroStation,2,4900ZZLUSBM1;4900ZZLUSBM2;940GZZLUSBM,,1000204
1000206,Sloane Square Underground Station,51.49228090909091,-0.15638845454545455,tube,NaptanMetroStation,1,4900ZZLUSSQ1;4900ZZLUSSQ2;940GZZLUSSQ,,1000206
1000207,Snaresbrook Underground Station,51.58086111111111,0.02151111111111111,tube,NaptanMetroStation,4,4900ZZLUSNB1;4900ZZLUSNB2;4900ZZLUSNB3;4900ZZLUSNB4;940GZZLUSNB,,1000207
1000208,South Ealing Underground Station,51.501065833333335,-0.3073283333333333,tube,NaptanMetroStation,3,4900ZZLUSEA1;940GZZLUSEA,,1000208
1000209,Southfields Underground Station,51.445045,-0.20655857142857142,tube,NaptanMetroStation,3,4900ZZLUSFS1;4900ZZLUSFS2;940GZZLUSFS,,1000209
1000210,Southgate Underground Station,51.632349285714284,-0.12785714285714286,tube,NaptanMetroStation,4,4900ZZLUSGT1;4900ZZLUSGT2;940GZZLUSGT,,1000210
1000211,South Harrow Underground Station,51.56487714285714,-0.35255142857142857,tube,NaptanMetroStation,5,4900ZZLUSHH1;4900ZZLUSHH2;940GZZLUSHH,,1000211
1000212,South Kensington Underground Station,51.49420566666666,-0.17401577777777777,tube,NaptanMetroStation,1,4900ZZLUSKS1;4900ZZLUSKS2;4900ZZLUSKS3;4900ZZLUSKS4;4900ZZLUSKS5;940GZZLUSKS,,1000212
1000213,South Kenton Underground Station,51.57022479999999,-0.3084446,overground;tube,NaptanMetroStation,4,910GSKENTON;940GZZLUSKT,HUBSOK,1000213
1000214,South Ruislip Underground Station,51.556853,-0.39891499999999996,tube,NaptanMetroStation,5,940GZZLUSRP,HUBSRU,1000214
1000215,Southwark Underground Station,51.50418333333334,-0.10522416666666666,tube,NaptanMetroStation,1,4900ZZLUSWK1;940GZZLUSWK,,1000215
1000216,South Wimbledon Underground Station,51.415302499999996,-0.19208916666666667,tube,NaptanMetroStation,,4900ZZLUSWN1;940GZZLUSWN,,1000216
1000217,South Woodford Underground Station,51.591949285714286,0.027375714285714284,tube,NaptanMetroStation,4,4900ZZLUSWF1;4900ZZLUSWF2;940GZZLUSWF,,1000217
1000218,Stamford Brook Underground Station,51.49493214285714,-0.24575285714285713,tube,NaptanMetroStation,2,4900ZZLUSFB1;4900ZZLUSFB2;940GZZLUSFB,,1000218
1000219,Stanmore Underground Station,51.619799375,-0.30312,tube,NaptanMetroStation,5,4900ZZLUSTM1;4900ZZLUSTM2;4900ZZLUSTM3;940GZZLUSTM,,1000219
1000220,Stepney Green Underground Station,51.5218522,-0.0465974,tube,NaptanMetroStation,2,4900ZZLUSGN1;940GZZLUSGN,,1000220
1000221,St. James's Park Underground Station,51.49950661538462,-0.13368861538461538,tube,NaptanMetroStation,1,4900ZZLUSJP1;4900ZZLUSJP2;4900ZZLUSJP3;4900ZZLUSJP4;940GZZLUSJP,,1000221
1000222,St. John's Wood Underground Station,51.534524166666664,-0.17398166666666667,tube,NaptanMetroStation,2,4900ZZLUSJW1;940GZZLUSJW,,1000222
1000223,Stockwell Underground Station,51.472213272727274,-0.12266236363636364,tube,NaptanMetroStation,2,4900ZZLUSKW1;4900ZZLUSKW2;940GZZLUSKW,,1000223
1000224,Stonebridge Park Underground Station,51.5440198,-0.27586640000000007,overground;tube,NaptanMetroStation,3,910GSTNBGPK;940GZZLUSGP,HUBSBP,1000224
1000225,St. Paul's Underground Station,51.514962857142855,-0.09750642857142856,tube,NaptanMetroStation,1,4900ZZLUSPU1;4900ZZLUSPU2;940GZZLUSPU,,1000225
1000226,Stratford (London) Rail Station,51.54182479999999,-0.0033737499999999996,dlr;elizabeth-line;overground;tube,NaptanMetroStation,,910GSTFD;940GZZDLSTD;940GZZLUSTD,HUBSRA,1000226
1000227,Sudbury Hill Underground Station,51.55685285714286,-0.33635785714285715,tube,NaptanMetroStation,4,4900ZZLUSUH1;4900ZZLUSUH2;940GZZLUSUH,,1000227
1000228,Sudbury Town Underground Station,51.55077071428571,-0.31574642857142854,tube,NaptanMetroStation,4,4900ZZLUSUT1;4900ZZLUSUT2;940GZZLUSUT,,1000228
1000229,Surrey Quays Rail Station,51.493196,-0.047519,overground,NaptanRailStation,2,910GSURREYQ,910GSURREYQ,1000229
1000230,Swiss Cottage Underground Station,51.5435735,-0.174929,tube,NaptanMetroStation,2,4900ZZLUSWC1;4900ZZLUSWC2;4900ZZLUSWC3;4900ZZLUSWC4;4900ZZLUSWC5;940GZZLUSWC,,1000230
1000231,Temple Underground Station,51.5110064,-0.114231,tube,NaptanMetroStation,1,4900ZZLUTMP1;940GZZLUTMP,,1000231
1000232,Theydon Bois Underground Station,51.671758999999994,0.10308500000000001,tube,NaptanMetroStation,6,940GZZLUTHB,,1000232
1000233,Tooting Bec Underground Station,51.43564777777778,-0.15965444444444443,tube,NaptanMetroStation,3,4900ZZLUTBC1;4900ZZLUTBC2;4900ZZLUTBC3;4900ZZLUTBC4;940GZZLUTBC,,1000233
1000234,Tooting Broadway Underground Station,51.42768,-0.16832666666666665,tube,NaptanMetroStation,3,4900ZZLUTBY1;940GZZLUTBY,,1000234
1000235,Tottenham Court Road Underground Station,51.51611545454546,-0.13029054545454544,elizabeth-line;tube,NaptanMetroStation,1,4900ZZLUTCR3;4900ZZLUTCR4;4900ZZLUTCR5;4900ZZLUTCR6;910GTOTCTRD;940GZZLUTCR,HUBTCR,1000235
1000236,Tottenham Hale Underground Station,51.588108,-0.06024100000000001,tube,NaptanMetroStation,3,940GZZLUTMH,HUBTOM,1000236
1000237,Totteridge & Whetstone Underground Station,51.6305275,-0.1792216666666667,tube,NaptanMetroStation,4,4900ZZLUTAW1;940GZZLUTAW,,1000237
1000238,Tower Hill Underground Station,51.509979,-0.07656400000000001,tube,NaptanMetroStation,1,4900ZZLUTWH1;4900ZZLUTWH2;940GZZLUTWH,,1000238
1000239,Tufnell Park Underground Station,51.55681142857143,-0.13833357142857142,tube,NaptanMetroStation,2,4900ZZLUTFP1;4900ZZLUTFP2;940GZZLUTFP,,1000239
1000240,Turnham Green Underground Station,51.495164571428575,-0.25460178571428566,tube,NaptanMetroStation,,4900ZZLUTNG1;940GZZLUTNG,940GZZLUTNG,1000240
1000241,Turnpike Lane Underground Station,51.590355555555554,-0.103045,tube,NaptanMetroStation,3,4900ZZLUTPN1;4900ZZLUTPN2;4900ZZLUTPN3;4900ZZLUTPN4;940GZZLUTPN,,1000241
1000242,Upminster Underground Station,51.559045000000005,0.25088119999999997,overground;tube,NaptanMetroStation,6,910GUPMNSTR;940GZZLUUPM,HUBUPM,1000242
1000243,Upminster Bridge Underground Station,51.558635,0.23581916666666666,tube,NaptanMetroStation,6,4900ZZLUUPB1;940GZZLUUPB,,1000243
1000244,Upney Underground Station,51.538391666666676,0.101535,tube,NaptanMetroStation,4,4900ZZLUUPY1;940GZZLUUPY,,1000244
1000245,Upton Park Underground Station,51.53534249999999,0.03525308333333333,tube,NaptanMetroStation,3,4900ZZLUUPK1;4900ZZLUUPK2;4900ZZLUUPK3;940GZZLUUPK,,1000245
1000246,Uxbridge Underground Station,51.546505,-0.4781382727272728,tube,NaptanMetroStation,6,4900ZZLUUXB1;4900ZZLUUXB2;940GZZLUUXB,,1000246
1000247,Vauxhall,51.48575988888889,-0.12404355555555556,tube,NaptanMetroEntrance,,4900ZZLUVXL1;4900ZZLUVXL2;4900ZZLUVXL3;4900ZZLUVXL5;4900ZZLUVXL6;4900ZZLUVXL7;940GZZLUVXL,HUBVXH,1000247
1000248,Victoria Underground Station,51.49632477777778,-0.14282711111111113,tube,NaptanMetroStation,1,4900ZZLUVIC6;4900ZZLUVIC8;940GZZLUVIC,HUBVIC,1000248
1000249,Walthamstow Central Underground Station,51.5829466,-0.019857,overground;tube,NaptanMetroStation,3,910GWLTWCEN;940GZZLUWWL,HUBWHC,1000249
1000250,Wanstead Underground Station,51.575476428571434,0.028459285714285715,tube,NaptanMetroStation,4,4900ZZLUWSD1;4900ZZLUWSD2;940GZZLUWSD,,1000250
1000251,Wapping Rail Station,51.504388,-0.055931,overground,NaptanRailStation,2,910GWAPPING,,1000251
1000252,Warren Street Underground Station,51.52487536363637,-0.138269,tube,NaptanMetroStation,1,4900ZZLUWRR1;4900ZZLUWRR2;940GZZLUWRR,,1000252
1000253,Warwick Avenue Underground Station,51.52325785714286,-0.18381785714285717,tube,NaptanMetroStation,2,4900ZZLUWKA1;4900ZZLUWKA2;940GZZLUWKA,,1000253
1000254,Waterloo Underground Station,51.503299,-0.11478000000000001,tube,NaptanMetroStation,1,940GZZLUWLO,HUBWAT,1000254
1000255,Watford Underground Station,51.65746016666666,-0.41734033333333337,tube,NaptanMetroStation,7,2100ZZLUWAF0;940GZZLUWAF,,1000255
1000256,Wembley Central Underground Station,51.552312400000005,-0.2966844,overground;tube,NaptanMetroStation,4,910GWMBY;940GZZLUWYC,HUBWMB,1000256
1000257,Wembley Park Underground Station,51.56316846153846,-0.27931076923076925,tube,NaptanMetroStation,4,4900ZZLUWYP1;4900ZZLUWYP2;4900ZZLUWYP3;940GZZLUWYP,,1000257
1000258,West Acton Underground Station,51.517982499999995,-0.2809966666666667,tube,NaptanMetroStation,3,4900ZZLUWTA1;940GZZLUWTA,,1000258
1000259,Westbourne Park Underground Station,51.521088999999996,-0.2010255,tube,NaptanMetroStation,2,4900ZZLUWSP1;940GZZLUWSP,,1000259
1000260,West Brompton Underground Station,51.4871852,-0.19559659999999998,overground;tube,NaptanMetroStation,2,910GWBRMPTN;940GZZLUWBN,HUBWBP,1000260
1000261,West Finchley Underground Station,51.60926857142857,-0.18837285714285715,tube,NaptanMetroStation,4,4900ZZLUWFN1;4900ZZLUWFN2;940GZZLUWFN,,1000261
1000262,West Ham Underground Station,51.52806340000001,0.0048831,dlr;tube,NaptanMetroStation,,940GZZDLWHM;940GZZLUWHM,HUBWEH,1000262
1000263,West Hampstead Underground Station,51.546671,-0.19104925,tube,NaptanMetroStation,2,4900ZZLUWHP1;940GZZLUWHP,HUBWHD,1000263
1000264,West Harrow Underground Station,51.57980142857143,-0.3533014285714286,tube,NaptanMetroStation,5,4900ZZLUWHW1;4900ZZLUWHW2;940GZZLUWHW,,1000264
1000265,West Kensington Underground Station,51.490499166666666,-0.20667333333333335,tube,NaptanMetroStation,2,4900ZZLUWKN1;940GZZLUWKN,,1000265
1000266,Westminster Underground Station,51.50122769230769,-0.12484746153846153,tube,NaptanMetroStation,1,4900ZZLUWSM1;4900ZZLUWSM2;4900ZZLUWSM3;4900ZZLUWSM4;4900ZZLUWSM5;4900ZZLUWSM6;940GZZLUWSM,HUBWSM,1000266
1000267,West Ruislip Underground Station,51.569688000000006,-0.437886,tube,NaptanMetroStation,6,940GZZLUWRP,HUBWRU,1000267
1000268,Whitechapel,51.51952753846153,-0.05973776923076923,elizabeth-line;overground;tube,NaptanRailStation,2,910GWCHAPEL;910GWCHAPXR;940GZZLUWPL,HUBZWL,1000268
1000269,White City Underground Station,51.511959166666664,-0.22437083333333332,tube,NaptanMetroStation,2,4900ZZLUWCY1;940GZZLUWCY,,1000269
1000270,Willesden Green Underground Station,51.549145714285714,-0.22140928571428573,tube,NaptanMetroStation,,4900ZZLUWIG1;4900ZZLUWIG2;940GZZLUWIG,,1000270
1000271,Willesden Junction Rail Station,51.53243209090909,-0.24447572727272726,overground;tube,NaptanRailStation,,910GWLSDJHL;940GZZLUWJN,HUBWIJ,1000271
1000272,Wimbledon Underground Station,51.421207,-0.206573,tube,NaptanMetroStation,3,940GZZLUWIM,HUBWIM,1000272
1000273,Wimbledon Park Underground Station,51.434580833333335,-0.1997025,tube,NaptanMetroStation,3,4900ZZLUWIP1;940GZZLUWIP,,1000273
1000274,Woodford Underground Station,51.607004636363634,0.03400090909090909,tube,NaptanMetroStation,4,4900ZZLUWOF1;4900ZZLUWOF2;940GZZLUWOF,940GZZLUWOF,1000274
1000275,Wood Green Underground Station,51.59744916666667,-0.1099,tube,NaptanMetroStation,3,4900ZZLUWOG1;940GZZLUWOG,,1000275
1000276,Woodside Park Underground Station,51.618,-0.18543,tube,NaptanMetroStation,4,4900ZZLUWOP1;4900ZZLUWOP2;940GZZLUWOP,,1000276
1000278,Wood Lane Underground Station,51.509669099999996,-0.224527,tube,NaptanMetroStation,2,4900ZZLUWLA1;940GZZLUWLA,,1000278
1000292,Brentwood Rail Station,51.61360499999999,0.299586,elizabeth-line,NaptanRailStation,9,910GBRTWOOD,,1000292
1000321,West Hampstead Rail Station,51.547468,-0.191185,overground,NaptanRailStation,2,910GWHMDSTD,HUBWHD,1000321
1000329,Shadwell Rail Station,51.511284,-0.056934,overground,NaptanRailStation,2,910GSHADWEL,HUBSDE,1000329
1000860,Burnham (Berks) Rail Station,51.523506,-0.646374,elizabeth-line,NaptanRailStation,,910GBNHAM,,1000860
1000951,Slough Rail Station,51.51188,-0.59151,elizabeth-line,NaptanRailStation,,910GSLOUGH,,1000951
1000955,Iver Rail Station,51.508503,-0.506726,elizabeth-line,NaptanRailStation,,910GIVER,,1000955
1000957,Langley (Berks) Rail Station,51.508062,-0.541756,elizabeth-line,NaptanRailStation,,910GLANGLEY,,1000957
1000960,Taplow Rail Station,51.523562,-0.68137,elizabeth-line,NaptanRailStation,,910GTAPLOW,,1000960
1000964,Maidenhead Rail Station,51.518669,-0.72266,elizabeth-line,NaptanRailStation,,910GMDNHEAD,,1000964
1000969,Twyford Rail Station,51.475534,-0.863293,elizabeth-line,NaptanRailStation,,910GTWYFORD,,1000969
1000972,Reading Rail Station,51.458786,-0.971863,elizabeth-line,NaptanRailStation,,910GRDNGSTN,,1000972
1001001,Abbey Wood,51.491241,0.121374,elizabeth-line,NaptanRailStation,4,910GABWDXR,HUBABW,1001001
1001002,Acton Central Rail Station,51.50873142857143,-0.26299500000000003,overground,NaptanRailStation,3,4900ACTNCTL1;4900ACTNCTL2;910GACTNCTL,,1001002
1001003,Acton Main Line Rail Station,51.51718,-0.266756,elizabeth-line,NaptanRailStation,3,910GACTONML,910GACTONML,1001003
1001007,Anerley Rail Station,51.412153571428576,-0.06588000000000001,overground,NaptanRailStation,4,4900ANERLEY1;4900ANERLEY2;910GANERLEY,,1001007
1001023,Bethnal Green Rail Station,51.523912499999994,-0.05955333333333334,overground,NaptanRailStation,2,4900BTHNLGR1;910GBTHNLGR,,1001023
1001035,Brockley Rail Station,51.46457785714286,-0.037634999999999995,overground,NaptanRailStation,2,4900BROCKLY1;4900BROCKLY2;910GBROCKLY,,1001035
1001038,Brondesbury Rail Station,51.545179999999995,-0.20224583333333332,overground,NaptanRailStation,2,4900BRBY1;910GBRBY,,1001038
1001039,Brondesbury Park Rail Station,51.54076666666666,-0.21002833333333334,overground,NaptanRailStation,2,4900BRBYPK1;910GBRBYPK,,1001039
1001040,Bruce Grove Rail Station,51.59401357142857,-0.06989071428571428,overground,NaptanRailStation,3,4900BRUCGRV1;4900BRUCGRV2;910GBRUCGRV,,1001040
1001041,Bushey Rail Station,51.645754909090904,-0.3850514545454546,overground,NaptanRailEntrance,8,2100BUSHEY0;2100BUSHEY1;2100BUSHYDC0;2100BUSHYDC1;910GBUSHEY;910GBUSHYDC,HUBBSH,1001041
1001042,Bush Hill Park Rail Station,51.641512142857145,-0.06924642857142857,overground,NaptanRailStation,5,4900BHILLPK1;4900BHILLPK2;910GBHILLPK,,1001042
1001043,Caledonian Road & Barnsbury Rail Station,51.5430625,-0.11654583333333333,overground,NaptanRailStation,2,4900CLDNNRB1;910GCLDNNRB,,1001043
1001044,Cambridge Heath (London) Rail Station,51.53204083333333,-0.057270833333333326,overground,NaptanRailStation,2,4900CAMHTH1;910GCAMHTH,,1001044
1001045,Camden Road Rail Station,51.54177416666667,-0.13868416666666666,overground,NaptanRailStation,2,4900CMDNRD1;910GCMDNRD,,1001045
1001048,Canonbury Rail Station,51.5487308,-0.0921669,overground,NaptanRailStation,2,4900CNNB1;910GCNNB,,1001048
1001049,Carpenders Park Rail Station,51.628386500000005,-0.3859281666666667,overground,NaptanRailStation,7,2100CRPNDPK0;910GCRPNDPK,,1001049
1001055,Chadwell Heath Rail Station,51.568039,0.128958,elizabeth-line,NaptanRailStation,5,910GCHDWLHT,,1001055
1001063,Chingford Rail Station,51.633154166666664,0.009930833333333333,overground,NaptanRailStation,5,4900CHINGFD1;910GCHINGFD,,1001063
1001068,Clapham High Street Rail Station,51.46541416666667,-0.13243333333333332,overground,NaptanRailStation,2,4900CLPHHS1;910GCLPHHS,,1001068
1001069,Clapham Junction Rail Station,51.4642611,-0.1701541,overground,NaptanRailStation,2,4900CLPHMJC1;4900CLPHMJC2;4900CLPHMJC3;910GCLPHMJ1;910GCLPHMJC,HUBCLJ,1001069
1001070,Clapton Rail Station,51.561611666666664,-0.05705583333333333,overground,NaptanRailStation,,4900CLAPTON1;910GCLAPTON,,1001070
1001077,Crouch Hill Rail Station,51.57127833333334,-0.1171475,overground,NaptanRailStation,3,4900CROUCHH1;910GCROUCHH,,1001077
1001078,Crystal Palace Rail Station,51.41808925,-0.072725,overground,NaptanRailStation,,4900CRYSTLP1;910GCRYSTLP,HUBCYP,1001078
1001079,Custom House (for ExCel) DLR Station,51.5095495,0.02717125,dlr;elizabeth-line,NaptanMetroStation,3,4900ZZDLCUS1;4900ZZDLCUS2;910GCUSTMHS;940GZZDLCUS,HUBCUS,1001079
1001081,Dalston Kingsland Rail Station,51.548159999999996,-0.07570083333333334,overground,NaptanRailStation,2,4900DALSKLD1;910GDALSKLD,,1001081
1001083,Denmark Hill Rail Station,51.4681975,-0.0894425,overground,NaptanRailStation,2,4900DENMRKH1;910GDENMRKH,,1001083
1001092,Edmonton Green Rail Station,51.6249281,-0.061087800000000005,overground,NaptanRailStation,4,4900EDMNGRN1;910GEDMNGRN,910GEDMNGRN,1001092
1001098,Emerson Park Rail Station,51.568708333333326,0.22004416666666668,overground,NaptanRailStation,6,4900EMRSPKH1;910GEMRSPKH,,1001098
1001101,Enfield Town Rail Station,51.652165714285715,-0.07954285714285714,overground,NaptanRailStation,5,4900ENFLDTN1;4900ENFLDTN2;910GENFLDTN,,1001101
1001109,Finchley Road & Frognal Rail Station,51.550255,-0.1830841666666667,overground,NaptanRailStation,2,4900FNCHLYR1;910GFNCHLYR,,1001109
1001111,Forest Gate Rail Station,51.549432,0.024353,elizabeth-line,NaptanRailStation,3,910GFRSTGT,,1001111
1001112,Forest Hill Rail Station,51.43938,-0.053215,overground,NaptanRailStation,3,4900FORESTH1;4900FORESTH2;4900FORESTH3;4900FORESTH4;910GFORESTH,,1001112
1001115,Gidea Park Rail Station,51.581903999999994,0.20596399999999998,elizabeth-line,NaptanRailStation,6,910GGIDEAPK,,1001115
1001117,Goodmayes Rail Station,51.565579,0.11080700000000002,elizabeth-line,NaptanRailStation,4,910GGODMAYS,,1001117
1001119,Gospel Oak Rail Station,51.5553125,-0.150793,overground,NaptanRailStation,2,4900GOSPLOK1;910GGOSPLOK,,1001119
1001123,Greenwich DLR Station,51.478106833333335,-0.0142165,dlr,NaptanMetroStation,,4900ZZDLGRE1;4900ZZDLGRE2;4900ZZDLGRE3;940GZZDLGRE,HUBGNW,1001123
1001127,Hackney Central Rail Station,51.547105,-0.056058,overground,NaptanRailStation,2,910GHACKNYC,,1001127
1001128,Hackney Downs Rail Station,51.548757,-0.060819,overground,NaptanRailStation,2,910GHAKNYNM,910GHAKNYNM,1001128
1001129,Hackney Wick Rail Station,51.54341,-0.02492,overground,NaptanRailStation,2,910GHACKNYW,,1001129
1001131,Hampstead Heath Rail Station,51.55521,-0.165705,overground,NaptanRailStation,2,910GHMPSTDH,,1001131
1001135,Hanwell Rail Station,51.511835,-0.338583,elizabeth-line,NaptanRailStation,4,910GHANWELL,,1001135
1001137,Harold Wood Rail Station,51.592766,0.233129,elizabeth-line,NaptanRailStation,6,910GHRLDWOD,,1001137
1001139,Harringay Green Lanes Rail Station,51.577182,-0.098144,overground,NaptanRailStation,3,910GHRGYGL,,1001139
1001142,Hatch End Rail Station,51.609417,-0.368601,overground,NaptanRailStation,6,910GHTCHEND,,1001142
1001144,Hayes & Harlington Rail Station,51.503096,-0.420683,elizabeth-line,NaptanRailStation,5,910GHAYESAH,910GHAYESAH,1001144
1001146,Headstone Lane Rail Station,51.602649,-0.35722,overground,NaptanRailStation,5,910GHEDSTNL,,1001146
1001147,Heathrow Terminals 2 & 3 Rail Station,51.47198699999999,-0.454788,elizabeth-line,NaptanRailStation,6,910GHTRWAPT,HUBH13,1001147
1001150,Highams Park Rail Station,51.60835,-0.000222,overground,NaptanRailStation,4,910GHGHMSPK,,1001150
1001153,Homerton Rail Station,51.547012,-0.04236,overground,NaptanRailStation,2,910GHOMRTON,,1001153
1001154,Honor Oak Park Rail Station,51.449989,-0.045505,overground,NaptanRailStation,3,910GHONROPK,,1001154
1001157,Ilford Rail Station,51.559118,0.06968,elizabeth-line,NaptanRailStation,4,910GILFORD,,1001157
1001161,Kensal Rise Rail Station,51.534554,-0.219957,overground,NaptanRailStation,2,910GKENR,,1001161
1001165,Kentish Town West Rail Station,51.546548,-0.146655,overground,NaptanRailStation,2,910GKNTSHTW,,1001165
1001170,Kilburn High Road Rail Station,51.537277,-0.192237,overground,NaptanRailStation,2,910GKLBRNHR,,1001170
1001177,Lewisham DLR Station,51.464795,-0.0130084,dlr,NaptanMetroStation,,4900ZZDLLEW1;4900ZZDLLEW2;940GZZDLLEW,HUBLEW,1001177
1001178,Leyton Midland Road Rail Station,51.569725,-0.008051,overground,NaptanRailStation,3,910GLEYTNMR,,1001178
1001179,Leytonstone High Road Rail Station,51.563554,0.008416,overground,NaptanRailStation,3,910GLYTNSHR,,1001179
1001180,Limehouse DLR Station,51.512393,-0.039809,dlr,NaptanMetroStation,2,940GZZDLLIM,HUBLHS,1001180
1001183,London Fields Rail Station,51.541153,-0.057753,overground,NaptanRailStation,2,910GLONFLDS,,1001183
1001189,Manor Park Rail Station,51.552477,0.046342,elizabeth-line,NaptanRailStation,,910GMANRPK,,1001189
1001190,Maryland Rail Station,51.546081,0.005815,elizabeth-line,NaptanRailStation,3,910GMRYLAND,,1001190
1001216,Norwood Junction Rail Station,51.397019,-0.075221,overground,NaptanRailStation,4,910GNORWDJ,HUBNWD,1001216
1001221,Paddington,51.516298000000006,-0.17679599999999998,elizabeth-line,NaptanRailStation,1,910GPADTLL;910GPADTON,HUBPAD,1001221
1001223,Peckham Rye Rail Station,51.470034,-0.069414,overground,NaptanRailStation,2,910GPCKHMRY,,1001223
1001225,Penge West Rail Station,51.417555,-0.06084,overground,NaptanRailStation,4,910GPENEW,,1001225
1001233,Queens Road Peckham Rail Station,51.473566,-0.057313,overground,NaptanRailStation,2,910GPCKHMQD,,1001233
1001238,Rectory Road Rail Station,51.558502,-0.068267,overground,NaptanRailStation,2,910GRCTRYRD,,1001238
1001243,Romford Rail Station,51.574829,0.183237,elizabeth-line;overground,NaptanRailStation,6,910GROMFORD,,1001243
1001246,Seven Kings Rail Station,51.564026,0.0971,elizabeth-line,NaptanRailStation,4,910GSVNKNGS,,1001246
1001250,Silver Street Rail Station,51.614688,-0.06724,overground,NaptanRailStation,4,910GSIVRST,,1001250
1001254,South Acton Rail Station,51.499695,-0.270157,overground,NaptanRailStation,3,910GSACTON,,1001254
1001255,Southall Rail Station,51.505957,-0.37861,elizabeth-line,NaptanRailStation,4,910GSTHALL,,1001255
1001257,Southbury Rail Station,51.648705,-0.052437,overground,NaptanRailStation,5,910GSBURY,,1001257
1001260,South Hampstead Rail Station,51.541432,-0.178878,overground,NaptanRailStation,2,910GSHMPSTD,,1001260
1001264,South Tottenham Rail Station,51.580372,-0.072103,overground,NaptanRailStation,3,910GSTOTNHM,,1001264
1001265,Stamford Hill Rail Station,51.574467,-0.076682,overground,NaptanRailStation,3,910GSTMFDHL,,1001265
1001268,St James Street (London) Rail Station,51.580981,-0.032918,overground,NaptanRailStation,3,910GSTJMSST,,1001268
1001273,Stoke Newington Rail Station,51.565233,-0.072887,overground,NaptanRailStation,2,910GSTKNWNG,,1001273
1001289,Sydenham Rail Station,51.427248,-0.054243999999999994,overground,NaptanRailStation,3,910GSYDENHM,HUBSYD,1001289
1001299,Turkey Street Rail Station,51.672628,-0.047217,overground,NaptanRailStation,6,910GTURKYST,,1001299
1001302,Upper Holloway Rail Station,51.563631,-0.129513,overground,NaptanRailStation,2,910GUPRHLWY,,1001302
1001308,Walthamstow Queens Road Rail Station,51.581503,-0.023846,overground,NaptanRailStation,3,910GWLTHQRD,,1001308
1001310,Wandsworth Road Rail Station,51.470216,-0.13852,overground,NaptanRailStation,2,910GWNDSWRD,,1001310
1001312,Wanstead Park Rail Station,51.551693,0.026213,overground,NaptanRailStation,3,910GWNSTDPK,,1001312
1001316,Watford High Street Rail Station,51.652655,-0.391711,overground,NaptanRailStation,8,910GWATFDHS,,1001316
1001317,Watford Junction Rail Station,51.663529,-0.396517,overground,NaptanRailStation,,910GWATFJDC,HUBWFJ,1001317
1001324,West Croydon Rail Station,51.378428,-0.102585,overground,NaptanRailStation,5,910GWCROYDN,HUBWCY,1001324
1001325,West Drayton Rail Station,51.510055,-0.472234,elizabeth-line,NaptanRailStation,6,910GWDRYTON,,1001325
1001327,West Ealing Rail Station,51.513506,-0.320133,elizabeth-line,NaptanRailStation,3,910GWEALING,,1001327
1001335,White Hart Lane Rail Station,51.605037,-0.070914,overground,NaptanRailStation,3,910GWHHRTLA,,1001335
1001341,Woodgrange Park Rail Station,51.549264,0.044423,overground,NaptanRailStation,,910GWDGRNPK,,1001341
1001343,Wood Street Rail Station,51.58658,-0.002405,overground,NaptanRailStation,4,910GWDST,,1001343
1001347,Imperial Wharf Rail Station,51.474949,-0.182823,overground,NaptanRailStation,2,910GCSEAH,HUBIMP,1001347
1001348,Shepherds Bush Rail Station,51.505285,-0.217654,overground,NaptanRailStation,2,910GSHPDSB,HUBSPB,1001348
1001532,Cheshunt Rail Station,51.70288816666667,-0.0239835,overground,NaptanRailStation,8,2100CHESHNT0;910GCHESHNT,,1001532
1001533,Theobalds Grove Rail Station,51.692457,-0.034831,overground,NaptanRailStation,7,910GTHBLDSG,,1001533
1001568,Dalston Junction Rail Station,51.54602428571428,-0.07517357142857142,overground,NaptanRailStation,2,4900DALS1;4900DALS2;910GDALS,,1001568
1001569,Haggerston Rail Station,51.538705,-0.075666,overground,NaptanRailStation,2,910GHAGGERS,,1001569
1001570,Hoxton Rail Station,51.531512,-0.075681,overground,NaptanRailStation,,910GHOXTON,,1001570
1001571,Shoreditch High Street Rail Station,51.523375,-0.075246,overground,NaptanRailStation,1,910GSHRDHST,,1001571
1002000,London City Airport DLR Station,51.50333633333333,0.0489745,dlr,NaptanMetroStation,3,4900ZZDLLCA1;4900ZZDLLCA2;4900ZZDLLCA3;940GZZDLLCA,HUBLCY,1002000
1002003,All Saints DLR Station,51.511047142857144,-0.013099285714285714,dlr,NaptanMetroStation,2,4900ZZDLALL1;4900ZZDLALL2;940GZZDLALL,,1002003
1002009,King George V DLR Station,51.501977857142855,0.06256857142857143,dlr,NaptanMetroStation,3,4900ZZDLKGV1;4900ZZDLKGV2;940GZZDLKGV,,1002009
1002011,Beckton DLR Station,51.514354999999995,0.0613175,dlr,NaptanMetroStation,3,4900ZZDLBEC1;940GZZDLBEC,,1002011
1002012,Beckton Park DLR Station,51.508872499999995,0.05491833333333334,dlr,NaptanMetroStation,3,4900ZZDLBPK1;940GZZDLBPK,,1002012
1002018,Blackwall DLR Station,51.508020714285706,-0.006910714285714286,dlr,NaptanMetroStation,2,4900ZZDLBA2;4900ZZDLBLA1;940GZZDLBLA,,1002018
1002019,Bow Church DLR Station,51.52785,-0.02093666666666667,dlr,NaptanMetroStation,2,4900ZZDLBOW1;940GZZDLBOW,,1002019
1002025,Crossharbour DLR Station,51.49572,-0.01452142857142857,dlr,NaptanMetroStation,2,4900ZZDLCLA1;4900ZZDLCLA2;940GZZDLCLA,,1002025
1002027,Cutty Sark (for Maritime Greenwich) DLR Station,51.4816326,-0.010714,dlr,NaptanMetroStation,,4900ZZDLCUT1;4900ZZDLCUT2;940GZZDLCUT,HUBCUT,1002027
1002028,Cyprus DLR Station,51.50839785714286,0.063875,dlr,NaptanMetroStation,3,4900ZZDLCYP1;4900ZZDLCYP2;940GZZDLCYP,,1002028
1002029,Deptford Bridge DLR Station,51.47425928571429,-0.022465714285714287,dlr,NaptanMetroStation,,4900ZZDLDEP1;4900ZZDLDEP2;940GZZDLDEP,,1002029
1002030,Devons Road DLR Station,51.52266916666667,-0.0175925,dlr,NaptanMetroStation,2,4900ZZDLDEV1;940GZZDLDEV,,1002030
1002033,East India DLR Station,51.509425625000006,-0.00229125,dlr,NaptanMetroStation,,4900ZZDLEIN1;4900ZZDLEIN2;4900ZZDLEIN3;940GZZDLEIN,,1002033
1002034,Langdon Park DLR Station,51.51517199999999,-0.01415,dlr,NaptanMetroStation,2,940GZZDLLDP,,1002034
1002035,Elverson Road DLR Station,51.468984285714285,-0.016617142857142858,dlr,NaptanMetroStation,,4900ZZDLELV1;4900ZZDLELV2;940GZZDLELV,,1002035
1002039,Gallions Reach DLR Station,51.50890916666666,0.07162249999999999,dlr,NaptanMetroStation,3,4900ZZDLGAL1;940GZZDLGAL,,1002039
1002046,Heron Quays DLR Station,51.503344166666665,-0.0214075,dlr,NaptanMetroStation,2,4900ZZDLHEQ1;940GZZDLHEQ,,1002046
1002048,Island Gardens DLR Station,51.4878125,-0.0101175,dlr,NaptanMetroStation,2,4900ZZDLISL2;940GZZDLISL,,1002048
1002061,Mudchute DLR Station,51.49081,-0.014762857142857144,dlr,NaptanMetroStation,2,4900ZZDLMUD1;4900ZZDLMUD2;940GZZDLMUD,,1002061
1002064,Poplar DLR Station,51.50773953846154,-0.01744723076923077,dlr,NaptanMetroStation,2,4900ZZDLPOP1;4900ZZDLPOP2;940GZZDLPOP,940GZZDLPOP,1002064
1002065,Prince Regent DLR Station,51.50928357142857,0.03409142857142857,dlr,NaptanMetroStation,3,4900ZZDLPRE1;4900ZZDLPRE2;940GZZDLPRE,,1002065
1002066,Pudding Mill Lane DLR Station,51.53425333333333,-0.0128125,dlr,NaptanMetroStation,,4900ZZDLPUD1;940GZZDLPUD,,1002066
1002070,Royal Albert DLR Station,51.508312499999995,0.045899166666666665,dlr,NaptanMetroStation,3,4900ZZDLRAL1;940GZZDLRAL,,1002070
1002071,Royal Victoria DLR Station,51.509309599999995,0.0185402,dlr,NaptanMetroStation,3,4900ZZDLRVC1;4900ZZDLRVC2;940GZZDLRVC,HUBRVC,1002071
1002074,South Quay DLR Station,51.50006142857143,-0.016060714285714286,dlr,NaptanMetroStation,2,4900ZZDLSOQ1;4900ZZDLSOQ2;940GZZDLSOQ,,1002074
1002076,Tower Gateway DLR Station,51.5105622,-0.0744208,dlr,NaptanMetroStation,1,4900ZZDLTWG1;4900ZZDLTWG2;940GZZDLTWG,HUBTOG,1002076
1002083,Westferry DLR Station,51.5094299,-0.026736,dlr,NaptanMetroStation,2,4900ZZDLWFE1;940GZZDLWFE,940GZZDLWFE,1002083
1002084,West India Quay DLR Station,51.50708125,-0.020335875,dlr,NaptanMetroStation,2,4900ZZDLWIQ1;940GZZDLWIQ,,1002084
1002098,West Silvertown DLR Station,51.50284,0.022508333333333335,dlr,NaptanMetroStation,3,4900ZZDLWSV1;940GZZDLWSV,,1002098
1002099,Pontoon Dock DLR Station,51.502212,0.032115,dlr,NaptanMetroStation,3,940GZZDLPDK,,1002099
1002162,Woolwich,51.492168,0.070593,elizabeth-line,NaptanRailStation,4,910GWOLWXR,,1002162
1002163,Canary Wharf,51.50632099999999,-0.018815,elizabeth-line,NaptanRailStation,2,910GCANWHRF,HUBCAW,1002163
1002195,Battersea Power Station Underground Station,51.479932,-0.142142,tube,NaptanMetroStation,1,940GZZBPSUST,,1002195
1002196,Nine Elms Underground Station,51.479912,-0.128476,tube,NaptanMetroStation,6,940GZZNEUGST,,1002196
1002272,Barking Riverside,51.519504285714284,0.11605571428571428,overground,NaptanRailStation,4,4900BKRVS1;4900BKRVS2;910GBARKRIV,,1002272
1003000,Woolwich Arsenal DLR Station,51.490209400000005,0.0689882,dlr,NaptanMetroStation,4,4900ZZDLWLA1;4900ZZDLWLA2;940GZZDLWLA,HUBWWA,1003000
1003005,Star Lane DLR Station,51.5208,0.0041342857142857145,dlr,NaptanMetroStation,,4900ZZDLSTL0;4900ZZDLSTL1;940GZZDLSTL,,1003005
1003006,Abbey Road DLR Station,51.53206,0.0037449999999999996,dlr,NaptanMetroStation,,4900ZZDLABR0;4900ZZDLABR1;940GZZDLABR,,1003006
1003007,Stratford High Street DLR Station,51.53814428571428,-0.0008842857142857142,dlr,NaptanMetroStation,,4900ZZDLSHS0;4900ZZDLSHS1;940GZZDLSHS,,1003007
1003008,Canary Wharf DLR Station,51.50494444444444,-0.02093611111111111,dlr,NaptanMetroStation,2,4900ZZDLCAN1;4900ZZDLCAN2;4900ZZDLCAN3;4900ZZDLCAN4;940GZZDLCAN,HUBCAW,1003008
1003009,Stratford International DLR Station,51.545362142857144,-0.009495714285714286,dlr,NaptanMetroStation,,4900ZZDLSIT0;4900ZZDLSIT1;940GZZDLSIT,,1003009
1006448,Shenfield Rail Station,51.630877,0.329851,elizabeth-line,NaptanRailStation,,910GSHENFLD,,1006448
1016430,Heathrow Terminal 5 Underground Station,51.4700524,-0.4905716,elizabeth-line;tube,NaptanMetroStation,6,910GHTRWTM5;940GZZLUHR5,HUBHX5,1016430
